1. Domain,2. Subdomain,3. Model Type,4. Modeling Language,5. Solver,6. Software / Tools,7. Advanced Algorithm,8. Adoption Level,9. Import data Resource,10. Export data Resource,11. Objective,12. Author,13. Model Initial Resource,14. Model Link,15. Description of the Model,16. Picture,17. Subject,18. Variables,19. Constraints,20. Description of Domain Subject
Energy,Petroleum Refining,MILP,"AMPL,
Python,
amplpy","CPLEX, 
Gurobi, 
CBC ","Jupyter Notebook, 
Google Colab",N/A,Industry Prototype,*.json,*.xlsx,"Single: maximize Total_Profit,
Net Present Value (NPV) of Cash-Flow","Mikhail Riabtsev: 
mail@solverytic.com",,https://colab.ampl.com/notebooks/oil-refinery-production-optimization.html,"This model optimizes oil refinery production using mathematical programming, treating it as a linear or mixed-integer problem. Decision variables define crude oil processing and product output, while constraints ensure compliance with physical, regulatory, and market limits. The objective is to maximize profitability. Implemented in Python with optimization libraries, the model is scalable and adaptable for real-world applications.",https://raw.githubusercontent.com/ampl/colab.ampl.com/master/authors/mikhail/Petroleum_refining/oil_2.jpg,Manufacturing,"Binary, Continuous","Capacity limitations of refinery units. 
Product specification requirements.","This model optimizes refinery production by balancing crude oil inputs, product blending, and unit operations. It ensures compliance with capacity limitations of refinery units and product specification requirements, allowing for efficient resource utilization and maximizing profitability while meeting market and operational constraints."
,,,,,,,,,,,,,,,,Inventory Management,Continuous,Ensure stock levels remain within available storage capacity.,"The model maintains optimal inventory levels by ensuring stock levels remain within available storage capacity. It prevents overstocking or underutilization, balancing supply chain efficiency and throughput while reducing holding costs."
,,,,,,,,,,,,,,,,Price-Demand Elasticity,"Binary, Continuous",Demand satisfaction,"By incorporating demand satisfaction constraints, this model adjusts refinery production based on price sensitivity in the market. It enables dynamic pricing strategies, ensuring that production meets consumer demand while maintaining competitive pricing and profitability."
,,,,,,,,,,,,,,,,Pollutant Management,Continuous,Emissions Limits,"This model integrates environmental regulations into refinery operations by ensuring emissions limits are not exceeded. It optimizes production while maintaining sustainability, balancing profitability with regulatory compliance."
,,,,,,,,,,,,,,,,Seasonal Elasticity of Demand,"Binary, Continuous",Incorporate seasonal demand elasticity,"The model captures fluctuations in demand by incorporating seasonal demand elasticity into production planning. It ensures that refinery schedules and product output adapt to market variations, enhancing responsiveness and profitability."
,,,,,,,,,,,,,,,,Cash-Flow Management,"Binary, Continuous",Cash flow limits that prevent overspending and ensure adequate liquidity for operational expenses.,"This model ensures financial stability by incorporating cash flow limits that prevent overspending and ensure adequate liquidity for operational expenses. It enables strategic financial planning, ensuring refinery operations run smoothly without financial disruptions."
,,,,,,,,,,,,,,,,Loan Management,"Binary, Continuous",Determine loan options based on profitability metrics.,"This model incorporates loan management into refinery optimization, evaluating the profitability of taking loans for operational or capital expenses. Binary variables determine loan decisions, ensuring alignment with overall profitability goals. The solution balances operational funding needs with financial sustainability."
,,,,,,,,,,,,,,,,Equipment Operating Modes Management,Binary,Limiting technological breaks during specific periods.,"By evaluating loan options based on profitability metrics, the model determines the optimal borrowing strategy for operational and capital expenditures. It ensures loans are only taken when beneficial, balancing financial sustainability with investment needs."
,,,,,,,,,,,,,,,,Technological Shutdown Management,Binary,Account for time and monetary costs for reconfiguration when changing operating modes,"The model determines optimal shutdown schedules by accounting for time and monetary costs for reconfiguration when changing operating modes. By minimizing disruptions and balancing downtime costs, it ensures efficient refinery operations and cost-effective maintenance planning."
Operations Research,Task Assignment and Resource Optimization,NP,"AMPL,
Python,
amplpy",Gurobi,"Jupyter Notebook, 
Google Colab",N/A,Case Study,Python,AMPL,Single: minimize TotalCost,"Mikhail Riabtsev: 
mail@solverytic.com",,https://colab.ampl.com/notebooks/balanced-task-assignment-with-inverse-cost-scaling.html,"The model leverages linear programming to assign tasks to agents while minimizing costs under constraints. It uses inverse cost scaling to ensure fair task distribution. Amplpy and AMPL aid in formulation, with solvers like Gurobi computing optimal solutions. The model is scalable and adaptable for real-world applications.",https://drive.google.com/file/d/1Joc8oHuZVhGSbPjO6TyV3dJ-8WOCpEZt/view?usp=sharing,Task Assignment Management,Binary,"Each task must be assigned to one agent. 
Workload balance constraints to avoid overloading any agent.","The model ensures that each task is assigned to a single agent while maintaining workload balance, preventing overloading any individual. By incorporating constraints on fair task distribution, the model optimizes resource allocation, leading to improved efficiency, reduced operational costs, and enhanced employee productivity."
Healthcare,Organ transplantation and allocation,LP,AMPL,Gurobi,"Jupyter Notebook, 
Google Colab",N/A,Case Study,*.dat (AMPL),AMPL,Single: Maximize the number of transplants,"Mikhail Riabtsev: 
mail@solverytic.com","Dual-Donor Organ Exchange. Haluk Ergin, Tayfun Sönmez, M. Utku Ünver",https://colab.ampl.com/notebooks/dual-donor-organ-exchange-problem.html,"The model builds a graph-based optimization framework where nodes represent donor-recipient pairs, and edges indicate compatibility. It finds the optimal exchange set (cycles or chains) to maximize transplants while considering constraints like cycle size and compatibility. AMPL is used for modeling, and Gurobi efficiently computes the solution.",https://drive.google.com/file/d/1C3JcBV5pvCXGhAoFGcb86bTLuW2r_tRt/view?usp=sharing,Transplantation Management,Binary,"Compatibility constraints between donors and recipients.
Cyclic or chain constraints to ensure feasible exchanges.
Capacity constraints limiting the size of cycles.","Organ transplantation is a life-saving medical procedure, but donor-recipient incompatibility often limits direct transplantation options. To overcome this, transplant networks utilize dual-donor exchanges, forming cycles or chains of compatible matches among multiple donor-recipient pairs. The optimization process ensures that these exchanges adhere to critical constraints, such as donor-recipient compatibility, cycle feasibility, and size limitations. By enforcing these constraints, the model maximizes the number of feasible transplants, increasing patient survival rates while maintaining ethical and logistical feasibility in organ allocation."
Energy,Petroleum Refining,MILP,"AMPL,
Python,
amplpy","CPLEX, 
Gurobi, 
CBC ","Jupyter Notebook, 
Google Colab",N/A,Industry Prototype,PowerBI,Excel,"Single: maximize Total_Profit,
Net Present Value (NPV) of Cash-Flow","Mikhail Riabtsev: 
mail@solverytic.com",,https://colab.ampl.com/notebooks/oil-refinery-production-optimization-powerbi.html,"This model optimizes oil refinery production using mathematical programming, treating it as a linear or mixed-integer problem. Decision variables define crude processing and product output, while constraints enforce physical, regulatory, and market limits. The objective function maximizes profitability. Implemented in Python with optimization libraries, it ensures scalability and flexibility for real-world use.",https://raw.githubusercontent.com/ampl/colab.ampl.com/master/authors/mikhail/Petroleum_refining/oil_2.jpg,Manufacturing,"Binary, Continuous","Capacity limitations of refinery units. 
Product specification requirements.","This model optimizes refinery production by balancing crude oil inputs, product blending, and unit operations. It ensures compliance with capacity limitations of refinery units and product specification requirements, allowing for efficient resource utilization and maximizing profitability while meeting market and operational constraints."
,,,,,,,,,,,,,,,,Inventory Management,Continuous,Ensure stock levels remain within available storage capacity.,"The model maintains optimal inventory levels by ensuring stock levels remain within available storage capacity. It prevents overstocking or underutilization, balancing supply chain efficiency and throughput while reducing holding costs."
,,,,,,,,,,,,,,,,Price-Demand Elasticity,"Binary, Continuous",Demand satisfaction,"By incorporating demand satisfaction constraints, this model adjusts refinery production based on price sensitivity in the market. It enables dynamic pricing strategies, ensuring that production meets consumer demand while maintaining competitive pricing and profitability."
,,,,,,,,,,,,,,,,Pollutant Management,Continuous,Emissions Limits,"This model integrates environmental regulations into refinery operations by ensuring emissions limits are not exceeded. It optimizes production while maintaining sustainability, balancing profitability with regulatory compliance."
,,,,,,,,,,,,,,,,Seasonal Elasticity of Demand,"Binary, Continuous",Incorporate seasonal demand elasticity,"The model captures fluctuations in demand by incorporating seasonal demand elasticity into production planning. It ensures that refinery schedules and product output adapt to market variations, enhancing responsiveness and profitability."
,,,,,,,,,,,,,,,,Cash-Flow Management,"Binary, Continuous",Cash flow limits that prevent overspending and ensure adequate liquidity for operational expenses.,"This model ensures financial stability by incorporating cash flow limits that prevent overspending and ensure adequate liquidity for operational expenses. It enables strategic financial planning, ensuring refinery operations run smoothly without financial disruptions."
,,,,,,,,,,,,,,,,Loan Management,"Binary, Continuous",Determine loan options based on profitability metrics.,"This model incorporates loan management into refinery optimization, evaluating the profitability of taking loans for operational or capital expenses. Binary variables determine loan decisions, ensuring alignment with overall profitability goals. The solution balances operational funding needs with financial sustainability."
,,,,,,,,,,,,,,,,Equipment Operating Modes Management,Binary,Limiting technological breaks during specific periods.,"By evaluating loan options based on profitability metrics, the model determines the optimal borrowing strategy for operational and capital expenditures. It ensures loans are only taken when beneficial, balancing financial sustainability with investment needs."
,,,,,,,,,,,,,,,,Technological Shutdown Management,Binary,Account for time and monetary costs for reconfiguration when changing operating modes,"The model determines optimal shutdown schedules by accounting for time and monetary costs for reconfiguration when changing operating modes. By minimizing disruptions and balancing downtime costs, it ensures efficient refinery operations and cost-effective maintenance planning."
Manufacturing,Reinforced Concrete Production,MILP,"AMPL,
Python,
amplpy","Gurobi, 
CPLEX","Jupyter Notebook, 
Google Colab",Gilmore-Gomory decomposition,Industry Prototype,"*.CSV, 
Python",Python Visualisation,Single: minimize Total_Cost,"Mikhail Riabtsev: 
mail@solverytic.com",,https://colab.ampl.com/notebooks/optimization-of-reinforced-concrete-production-and-shipment-a-conveyor-based-manufacturing-and-curing-model.html,"The model simulates a manufacturing and curing process for reinforced concrete, optimizing production schedules, curing times, and shipment logistics. By using a conveyor-based system, the model aims to reduce inefficiencies and ensure the timely delivery of concrete to construction sites, minimizing overall costs.",https://raw.githubusercontent.com/ampl/colab.ampl.com/master/authors/mikhail/Concrete_plant/concrete_.main.jpg,Filling Pallets,"Binary, Continuous, Integer","Ensure molding meets demand for each item up to week. 
Ensure items fit within bin width. 
Ensure number of items does not exceed binItemLimit","The challenge is to optimize pallet space allocation while ensuring weekly production demand is met. The model ensures that molded items fit within bin width constraints, adhere to production limits, and do not exceed item capacity restrictions. This requires an efficient packing strategy to balance production feasibility and logistics."
,,,,,,,,,,,,,,,,Steam Chamber Process Management,"Binary, Continuous, Integer","Only one mode can be active in week. 
Weekly pallet capacity. 
Demand satisfaction with produced pallets. 
Ensure that the amount of items stored at any week does not exceed the maximum storage capacity.","The optimization focuses on managing the curing process within a steam chamber, ensuring that only one curing mode is active per week. Constraints include weekly pallet capacity, demand fulfillment, and storage limits, requiring precise scheduling of curing operations to avoid bottlenecks while minimizing costs."
Marketing,Media Advertising,LP,"AMPL,
Python,
amplpy","Gurobi, 
CPLEX","Jupyter Notebook, 
Google Colab",N/A,Industry Prototype,*.dat (AMPL),Python,Single: maximize Total_TRP,"Mikhail Riabtsev: 
mail@solverytic.com",,https://colab.ampl.com/notebooks/optimization-of-an-tv-advertising-campaign-based-on-trp-grp-indicators.html,"This model uses an optimization algorithm to allocate budgets across TV slots and channels, maximizing the overall TRP/GRP of the campaign. The optimization considers constraints such as budget, minimum GRP, and slot availability. The model's solution provides an optimal ad schedule for the campaign.",-,Advertising Management,Continuous,"Customers aim to maximize the overall attractiveness index of the campaign, ensuring it is at least 100. 
Advertising costs must be within the budget. 
At least 70% of all TPR impressions should be on TV-1, TV-2, and TV-6. 
All 7 channels must be used, with each contributing at least 3% of the total TPR for the campaign.","TV advertising campaigns require strategic allocation of budgets across multiple channels and time slots to maximize audience reach and effectiveness. The challenge lies in ensuring that the overall attractiveness index of the campaign remains above a minimum threshold (e.g., 100) while keeping costs within budget constraints. Additionally, advertisers must allocate at least 70% of total TRP impressions to key channels (TV-1, TV-2, and TV-6), ensuring balanced exposure. The model enforces the usage of all available channels, guaranteeing that each contributes a minimum share (at least 3%) to the total TRP. This optimization problem demands a careful trade-off between budget efficiency, audience engagement, and channel diversity to achieve an optimal advertising strategy."
Marketing,Media Advertising,LP,"AMPL,
Python,
amplpy","Gurobi, 
CPLEX","Jupyter Notebook, 
Google Colab",N/A,Industry Prototype,*.dat (AMPL),Python,Single: maximize TotalAudienceInform,"Mikhail Riabtsev: 
mail@solverytic.com",,https://colab.ampl.com/notebooks/optimization-of-an-advertising-campaign-for-launching-a-new-product-on-the-market.html,"A mathematical model to allocate the advertising budget efficiently to maximize product launch success, using linear programming and optimization techniques.",-,Advertising Management,Continuous,"Constraints related to budget. 
Market reach. 
Campaign effectiveness.","Advertising management involves strategic decision-making in budget allocation across various media channels to optimize campaign effectiveness. Key challenges include balancing financial constraints, ensuring maximum market reach, and improving campaign performance while adhering to budget limitations. Optimization models in this domain help advertisers distribute resources efficiently, identifying the most impactful investments to achieve maximum audience engagement and return on investment."
"Retail, Sales",Supply Chain,LP,"AMPL,
Python,
amplpy","Gurobi, 
CPLEX","Jupyter Notebook, 
Google Colab",N/A,Industry Prototype,"*.CSV, 
Python",Python,Single: maximize TotalProfit,"Mikhail Riabtsev: 
mail@solverytic.com",,https://colab.ampl.com/notebooks/optimizing-procurement-and-sales-strategies-for-a-retail-chain-with-supplier-payment-schemes.html,"The model is an optimization framework designed to help retail chains make better procurement and sales decisions. It integrates payment terms from suppliers into the procurement strategy, aiming to balance inventory levels, supplier costs, and sales revenue while minimizing costs and maximizing profits.",-,Sales Management,"Binary, Continuous","Supplier payment terms. 
Sales forecasts. 
Budget constraints.","Retail chains must align procurement and sales strategies while considering supplier payment terms, sales forecasts, and budget constraints. Failure to do so can lead to excess inventory, stockouts, or financial strain. This model ensures optimal sales management by integrating supplier payment conditions with demand forecasts, helping businesses make data-driven sales and procurement decisions while staying within budgetary limits."
,,,,,,,,,,,,,,,,Inventory Management,"Binary, Continuous",Inventory levels.,"Managing inventory effectively is critical for retail chains to avoid excess stock or shortages. This model optimizes inventory levels by incorporating sales forecasts and procurement constraints, ensuring a balanced supply of products. By leveraging binary and continuous variables, the model enforces constraints on inventory levels, reducing holding costs while maintaining stock availability for demand fulfillment."
,,,,,,,,,,,,,,,,Cash-Flow Management,"Binary, Continuous",Cash flow limits that prevent overspending and ensure adequate liquidity for operational expenses.,"Retail businesses must maintain a positive cash flow while managing procurement costs, supplier payments, and operational expenses. This model integrates cash flow constraints to prevent overspending and ensure liquidity, optimizing procurement decisions based on supplier payment terms. By balancing cash inflows and outflows, the model helps businesses sustain financial health while maximizing profitability."
"Retail, Sales",Employee Scheduling,LP,"AMPL,
Python,
amplpy","Gurobi, 
CPLEX","Jupyter Notebook, 
Google Colab",N/A,Industry Prototype,"*.CSV, 
Python, 
*.dat (AMPL)","Excel, 
PowerBI Visualisation",Single: maximize TotalProfit,"Mikhail Riabtsev: 
mail@solverytic.com",,https://colab.ampl.com/notebooks/optimizing-the-number-of-staff-in-a-chain-of-stores.html,"The model uses optimization algorithms to determine the number of employees needed in each store to meet demand efficiently, taking into account store-specific factors. The model can adjust for variations in demand across different times of day and store locations, providing a cost-effective staffing solution.",https://raw.githubusercontent.com/ampl/colab.ampl.com/master/authors/mikhail/StaffChain/staff_schedule.jpg,Staff Assignment Management,"Binary, Continuous","Ensure valid shift assignments, sufficient staff to meet sales demand, and reserve staff at each pharmacy. 
Employees must not exceed weekly working hours or start more than one shift per scheduling cycle. 
Weekly and yearly overtime must not exceed allowed limits.","Retail management involves optimizing operational efficiency within stores, particularly in terms of staffing. Effective management ensures that stores operate smoothly while minimizing labor costs and maximizing customer satisfaction. Constraints such as ensuring valid shift assignments, maintaining adequate staff levels, and complying with work hour regulations are critical to this process. This optimization requires balancing demand with operational limits to deliver the right number of staff at all times."
"Retail, Sales",Pricing Optimization,MILP,"AMPL [Piecewise], 
Python, 
amplpy","Gurobi, 
CPLEX","Jupyter Notebook, 
Google Colab",N/A,Case Study,Python,Python Visualisation,Single: maximize TotalProfit,"Mikhail Riabtsev: 
mail@solverytic.com",,https://colab.ampl.com/notebooks/pricing-optimization-price-elasticity-of-demand.html,"This model uses price elasticity of demand to optimize pricing decisions. By understanding the relationship between price and demand, the model aims to find the price that maximizes revenue or profit, considering constraints like minimum or maximum price levels. The model is implemented in Python and employs optimization techniques to determine the optimal price for a product or service.",https://colab.ampl.com/_images/25232c37da869fbad394f15317cb53e91d52bbcf638812dbb90c9b7316b5e665.png,Price-Demand Elasticity,"Binary, Integer","Constraints on pricing bounds (minimum/maximum). 
Demand elasticity limits. 
Potential production or budget restrictions.",Businesses must identify the optimal price points for products or services to maximize revenue. Understanding how demand responds to price changes (price elasticity) is key to setting competitive and profitable prices.
Construction,Buildings Developers,LP,"AMPL,
Python,
amplpy","Gurobi, 
CPLEX","Jupyter Notebook, 
Google Colab",N/A,Industry Prototype,*.dat (AMPL),"*.json, 
Python",Single: maximize TotalProfit,"Mikhail Riabtsev: 
mail@solverytic.com",,https://colab.ampl.com/notebooks/profit-maximization-for-developers-optimizing-pricing-marketing-and-investment-strategies.html,"The model uses optimization methods to model and solve for the optimal pricing strategy, considering marketing and investment decisions. It incorporates factors like market demand and pricing dynamics, with a focus on maximizing profit. It is implemented in Python and utilizes common optimization libraries to compute solutions.",https://raw.githubusercontent.com/ampl/colab.ampl.com/master/authors/mikhail/Building_developer/Building_developer.jpg,Price-Demand Elasticity,"Binary, Continuous","Budget, market, and operational limitations that affect pricing strategies.",Impact of price changes on market demand and profit maximization.
,,,,,,,,,,,,,,,,Deposit Management,"Binary, Continuous",Cash flow and liquidity constraints to ensure adequate deposits are maintained for operations.,Ensuring sufficient liquidity through effective cash flow and deposit controls.
,,,,,,,,,,,,,,,,Seasonal Elasticity of Demand,"Binary, Continuous",Seasonal demand variation and its impact on revenue generation need to be considered.,Adapting pricing strategies to fluctuations in seasonal market demand.
,,,,,,,,,,,,,,,,Advertising Management,"Binary, Continuous","Budgetary constraints on advertising spend, targeting limitations, and expected return on investment (ROI).",Managing advertising budgets to maximize ROI while staying within budget limits.
,,,,,,,,,,,,,,,,Sales Management,"Binary, Continuous","Sales quotas, inventory constraints, and market demand limitations influence sales strategies.",Balancing sales goals with available inventory and market constraints for optimal results.
,,,,,,,,,,,,,,,,Cash-Flow Management,"Binary, Continuous",Cash flow limits that prevent overspending and ensure adequate liquidity for operational expenses.,Maintaining financial stability by managing cash flow to meet operational costs and growth needs.
Project Management,Risk Management,LP,"AMPL,
Python,
amplpy","Gurobi, 
CPLEX","Jupyter Notebook, 
Google Colab",N/A,Industry Prototype,"*.CSV, 
Python, 
*.dat (AMPL)",Python Visualisation,Single: minimize Project_Cost,"Mikhail Riabtsev: 
mail@solverytic.com",,https://colab.ampl.com/notebooks/project-management-minimize-project-costs-by-balancing-task-costs-risks-and-late-penalties.html,"This model focuses on balancing the costs of completing project tasks, accounting for the risks of delays, and optimizing for penalties associated with late completions. It uses linear programming techniques to minimize the total project cost by determining the optimal task schedule and the appropriate allocation of resources. The model aims to efficiently handle the interdependencies between tasks, risks, and penalties while ensuring project objectives are met.",https://colab.ampl.com/_images/225b6930368563720501401f5d9203bd74bf62891ba38da61d3c28d6e76652c1.png,Project Costs Managment,Continuous,"Task duration must meet minimum and maximum time limits.
Task dependencies must be satisfied.
Task completion must respect deadlines.
Risks of delays and associated penalties must be accounted for.",Optimizing task schedules while adhering to time limits and risk penalties.
Utilities,Pipeline Maintenance and Diagnostics,MILP,"AMPL,
Python,
amplpy","Gurobi, 
CPLEX","Jupyter Notebook, 
Google Colab",N/A,Industry Prototype,Python,Python Visualisation,"Single: minimize Total_Cost, maximize Total_Length","Mikhail Riabtsev: 
mail@solverytic.com",,https://colab.ampl.com/notebooks/smart-pipeline-diagnostics.html,"The Smart Pipeline Diagnostics model applies machine learning techniques to analyze real-time data from sensors installed on pipelines. By identifying patterns and anomalies in this data, the model provides early warning signs of potential issues like leaks or blockages, allowing for proactive maintenance interventions. It uses a combination of regression models, classification techniques, and anomaly detection algorithms to deliver accurate predictions and enhance pipeline reliability.",https://colab.ampl.com/_images/d1144cf38fc10935545ed2e3602f3257952b489b9dd26ae7c3864762fbd754ef.png,Identifying and Diagnosing,"Binary, Integer","Constraints related to pipeline operating conditions such as flow rate limits, pressure thresholds, and material limitations.","Pipelines are critical infrastructure in industries like oil and gas, and failure can result in significant environmental damage, financial loss, and safety risks. Regular monitoring and diagnostics are essential for ensuring their operational health."
Aviation,Training and Workforce Management,MILP,"AMPL,
Python,
amplpy",Gurobi,"Jupyter Notebook, 
Google Colab","Greedy heuristics for initial solutions,
Fairness and compliance adjustments,
Streamlit",Industry Prototype,Python,Python Visualisation,Lexicographic: maximize ReverseSeniority,"Gleb Belov: 
gleb@ampl.com","Kozanidis, G. (2017). Optimal assignment of aircrew trainees to simulator and classroom training sessions subject to seniority and preference restrictions. Journal of Air Transport Management 59, 143-154.",https://colab.ampl.com/notebooks/aircrew-trainee-scheduling-with-seniority-constraints.html,"This model leverages a MILP approach to create schedules that minimize conflicts and prioritize seniority. It ensures fairness by distributing training slots equitably, adhering to trainees' availability and training capacity constraints. AMPL is used for problem formulation and solving, providing flexibility for scenario testing.",https://colab.ampl.com/_images/c0223e872c5c9a8e6b72ed415139cfde1147f1d69937eae9559781341d643f52.png,Aircrew Trainees Scheduling,"Binary, Continuous","Seniority order must be respected.
Each trainee must complete the required number of training hours or sessions.
Limited availability of trainers and training slots.
No overlapping training sessions for a single trainee.","In aviation, efficient scheduling of aircrew trainees is essential to ensure optimal resource usage and compliance with seniority-based fairness. The challenge involves balancing workload, maintaining fairness, and adhering to training capacity.
"
Manufacturing,Production Scheduling,MILP,"AMPL, 
amplpy",Highs,"Jupyter Notebook, 
Google Colab",Constraint programming,Case Study,*.dat (AMPL),Python,Single: minimize TotalCost,"Gleb Belov: 
gleb@ampl.com",colab.ampl.com,https://colab.ampl.com/notebooks/cp-style-scheduling-model-with-the-numberof-operator-solved-by-a-mip-solver.html,"This model integrates Constraint Programming principles and a Mixed Integer Programming (MIP) solver to optimize task scheduling. The use of the NumberOf operator enhances the handling of complex constraints and logical relationships. The implementation leverages Google OR-Tools and is presented in a Jupyter Notebook on Colab, enabling experimentation with various scenarios and parameters.",-,Production Scheduling,"Binary, Integer","Task precedence relationships
Resource capacity limits
Start and end times within a scheduling horizon","The real-world challenge is optimizing production schedules in manufacturing or similar environments, where tasks must be completed under constraints such as resource availability, task precedence, and specific deadlines."
Energy,Hydrothermal,Conic,"AMPL, 
amplpy","Ipopt, 
Mosek","Jupyter Notebook, 
Google Colab",N/A,Case Study,Python,Python,Single: minimize Cost,"Gleb Belov: 
gleb@ampl.com","Wood, A J, and Wollenberg, B F, Example Problem 7b. In Power Generation, Operation and Control. John Wiley and Sons, 1984, p. 202.",https://colab.ampl.com/notebooks/hydrothermal-scheduling-problem-with-conic-programming.html,"This model utilizes conic programming to solve the hydrothermal scheduling problem. It ensures optimal energy production by minimizing operational costs under constraints such as water balance, capacity limits, and energy demand. Implemented in Python with AMPL and MOSEK, the model is suitable for academic exploration and prototyping.",https://drive.google.com/file/d/1S4d39wXQjtjUsKSsOAH7LuldHSfUSYjx/view?usp=sharing,Power Production Scheduling,"Binary, Integer","Water balance equations for reservoirs.
Capacity constraints for reservoirs and thermal power plants.
Energy demand satisfaction.
Environmental and operational limits.","Hydrothermal power systems combine hydroelectric and thermal power plants to meet electricity demand efficiently. These systems must consider water availability, operational costs, and environmental regulations when scheduling energy production."
Operations Research,Mathematical Modeling,Conic,"AMPL, 
amplpy",Ipopt,"Jupyter Notebook, 
Google Colab",Streamlit,Lecture,"*.CSV, 
Python",Python Visualisation,Single: minimize LogitConic,"Gleb Belov: 
gleb@ampl.com,
Filipe Brandão:
fdabrandao@gmail.com","Lohweg, Volker. (2013). banknote authentication",https://colab.ampl.com/notebooks/logistic-regression-with-amplpy.html,"This example demonstrates how to implement logistic regression using AMPL and the amplpy library. It includes model formulation, input data handling, optimization using solvers, and results interpretation. The notebook serves as an educational tool for understanding how mathematical programming can solve machine learning problems.",https://colab.ampl.com/_images/242ba82bd6b9f8150b33b3bb8110be514e72f323b234a667f5bc9f759ac7053a.png,Logistic Regression,Continuous,"Regularization constraints (if applied).
Input feature bounds (if any).
Binary nature of the output variable.","Logistic regression is a statistical model used for binary classification problems, such as predicting whether a customer will buy a product or identifying whether an email is spam. The model maps input features to probabilities using a sigmoid function, facilitating effective decision-making."
Operations Research,Combinatorial Optimization,MILP,"AMPL, 
amplpy",Highs,"Jupyter Notebook, 
Google Colab",Constraint programming,Case Study,Python,Python,Single: Find a feasible arrangement of queens,"Gleb Belov: 
gleb@ampl.com",,https://colab.ampl.com/notebooks/n-queens.html,The Colab notebook demonstrates how to model the N-Queens Problem using AMPL syntax and solve it using modern solvers. The implementation uses constraint satisfaction programming principles and showcases visualization of the solution.,https://drive.google.com/file/d/1AylhILBCVeMzjBwnpo8QaNa1Se0d1bzd/view?usp=sharing,N-Queens Problem,Integer,"Each row and column must contain exactly one queen.
No two queens can share the same diagonal.","The N-Queens Problem is a classic challenge in combinatorial optimization and computer science, often used to test and demonstrate algorithms for constraint satisfaction. The problem's roots are in chess, but its applications extend to broader optimization tasks."
Operations Research,Robust Optimization,Conic,"AMPL, 
amplpy","Mosek, 
Gurobi","Jupyter Notebook, 
Google Colab",N/A,Lecture,"*.dat (AMPL), 
Python","Python, 
Python Visualisation",Single: minimize Total_Cost,"Gleb Belov: 
gleb@ampl.com",,https://colab.ampl.com/notebooks/robust-linear-programming-with-ellipsoidal-uncertainty.html,"The robust linear programming model with ellipsoidal uncertainty integrates a standard linear programming framework with an uncertainty set represented by an ellipsoid. This formulation provides a tractable approach to manage uncertainty, balancing conservatism and performance. The model computes solutions that are optimal under the worst-case scenarios within the ellipsoidal uncertainty set, offering robustness without excessive conservatism.",https://raw.githubusercontent.com/ampl/colab.ampl.com/d8a9845dfddbae4a9fc73fa549cb411323505a25/authors/glebbelov/modeling-tips/tip6_feasible_region.png,Decision Optimization under Uncertainty,"Binary, Continuous","Linear constraints defined by the decision problem
Robust constraints derived from ellipsoidal uncertainty sets","In real-world optimization problems, input parameters often have inherent uncertainty due to estimation errors, variability, or incomplete information. Linear programming models are sensitive to such uncertainties, potentially leading to infeasible or suboptimal solutions. This model incorporates robust optimization techniques to mitigate the impact of uncertainty, ensuring feasible and reliable decisions."
Operations Research,Mathematical Programming,NLP,"AMPL, 
amplpy","KNITRO, 
Ipopt, 
Gurobi, 
Highs","Jupyter Notebook, 
Google Colab",Penalty methods or smooth approximations,Lecture,AMPL,Python,Single: minimize TotalIf,"Gleb Belov: 
gleb@ampl.com",,https://colab.ampl.com/notebooks/solution-check-discontinuous-objective-function.html,The model applies AMPL in combination with heuristic optimization techniques to solve complex problems with discontinuous objective functions. This approach ensures the solution is robust against the challenging features of the problem. It uses Python and Google Colab for implementation and exploration.,-,Discontinuous Objective,Continuous,-,"Discontinuous objective functions are common in real-world optimization problems such as manufacturing, logistics, and finance, where certain variables or processes exhibit jumps, non-linearity, or other discontinuities that make traditional solvers ineffective."
Operations Research,Employee Scheduling,MILP,"AMPL, 
amplpy","Gurobi, 
Highs",Google Colab,N/A,Lecture,Python,Python,"Single: Minimize scheduling conflicts, employee fatigue, and labor costs, while maximizing operational efficiency.","Yimin Wang:
yimin_wang@asu.edu",Analytical Decision Modeling course at W. P. Carey School of Business. Syllabus: https://catalog.apps.asu.edu/catalog/classes/classlist?keywords=86683&searchType=all&term=2237&collapse=Y,https://colab.ampl.com/notebooks/employee-scheduling-optimization.html,"This model uses a MILP approach to optimize employee scheduling, aiming to balance various constraints such as employee availability, shift requirements, and legal labor regulations. The model assigns shifts to employees based on a set of predefined constraints and objectives, such as minimizing labor cost and ensuring fair distribution of shifts.",-,Workforce Scheduling,Integer,"Employee availability constraints.
Shift requirements (e.g., required number of employees per shift).
Legal and regulatory constraints (e.g., maximum working hours per employee).
Employee preferences and fairness constraints.","The model addresses the complexities of scheduling employees in industries with shift-based operations, such as retail, healthcare, or manufacturing. The challenge lies in balancing various constraints like employee preferences, availability, and compliance with labor laws, while also minimizing operational costs."
Sports,American Football,LP,"AMPL, 
amplpy",Gurobi,Google Colab,N/A,Case Study,Python,Python,"Single: Rank NFL teams based on performance metrics such as win-loss record, scoring efficiency, and defense ratings.","Yimin Wang:
yimin_wang@asu.edu,
Marcos Dominguez Velad:
marcos@ampl.com",NFL Team Rating problem from the Analytical Decision Modeling course at the Arizona State University.,https://colab.ampl.com/notebooks/nfl-team-rating.html,"The model evaluates NFL teams based on various performance metrics including win-loss records, points scored, and points allowed. The model utilizes a mathematical approach to rank teams objectively by considering these metrics while factoring in various constraints such as schedule difficulty and player availability. The decision variables represent the scores, while constraints ensure a balanced evaluation of both offensive and defensive strengths.",-,Sports Predictions,Continuous,"Scheduling constraints, 
team strength constraints, 
performance consistency limits.","The model addresses the challenge of creating a fair and mathematically consistent ranking of NFL teams, which is vital for playoffs seeding, betting, and media coverage. It considers multiple facets of team performance to ensure a well-rounded assessment."
Operations Research,Mathematical Modeling,LP,"AMPL, 
amplpy",Highs,Google Colab,N/A,Lecture,"*.dat (AMPL), 
Python",Python Visualisation,Single: feasible regions in linear programming,"Sarah Wells: 
sarah@ampl.com,
Gyorgy Matyasfalvi:
gyorgy@ampl.com",,https://colab.ampl.com/notebooks/plot-feasible-region.html,"This notebook demonstrates how to plot the feasible region and identify the optimal solution for a simple linear programming problem with two variables. It uses AMPL's Python API to define the model, constraints, and objective function. The feasible region is visualized using matplotlib, providing an intuitive understanding of the solution space.",https://colab.ampl.com/_images/f7fea791d76e9e6eb3de4a09fb3ed3a857d51c41f9a422133814f5f6ba05d255.png,Feasible Region Displaying,Continuous,feasible region,"The notebook addresses the educational challenge of understanding and visualizing feasible regions in linear programming. By plotting the feasible region and optimal solution, it aids learners in grasping the geometric interpretation of linear constraints and objectives, which is fundamental in operations research and optimization courses."
Operations Research,Mathematical Modeling,MILP,"AMPL, 
Python, 
amplpy",Highs,Google Colab,Parallel Computing,Lecture,Python,Python,Single: Solve multiple models in parallel to improve computational efficiency and scalability,"Nicolau Santos: 
nicolau@ampl.com",,https://colab.ampl.com/notebooks/ampl-solve-multiple-models-in-parallel.html,"This model demonstrates how to solve multiple optimization problems simultaneously using parallel computing techniques. It leverages AMPL and Python to define optimization models, which are then solved in parallel. The approach improves efficiency, reduces computation time, and is suitable for large-scale industrial applications. The notebook provides a structured implementation with example models, decision variables, and constraints.",-,Parallel Optimization,Continuous,-,"In operations research and optimization, solving large-scale mathematical models efficiently is crucial for industries like logistics, finance, and manufacturing. Parallel computing techniques allow multiple models to be solved simultaneously, leveraging computational resources effectively. This approach is particularly beneficial when solving complex MILP problems that require significant processing power. The provided AMPL notebook illustrates how to implement this methodology, making it an essential tool for researchers and practitioners in optimization."
Operations Research,AMPL lectures,LP,AMPL,Highs,Google Colab,amplxl,Lecture,Excel,Excel,Single: Demonstrate how to import data from Excel into AMPL using the amplxl table handler,"Nicolau Santos: 
nicolau@ampl.com",,https://colab.ampl.com/notebooks/ampl-spreadsheet-handling-with-amplxl.html,"This notebook illustrates the use of the amplxl table handler to read data from Excel spreadsheets into AMPL models. It uses the classic diet problem as an example, demonstrating how to define sets and parameters in AMPL and link them to corresponding data in an Excel file. The process includes creating Excel sheets for nutrients, foods, and their respective parameters, and then loading this data into AMPL for optimization.",https://raw.githubusercontent.com/ampl/colab.ampl.com/master/authors/nfbvs/amplxl/food.png,Data Import / Export: amplxl ,Continuous,-,"The model addresses the challenge of integrating external data sources, specifically Excel spreadsheets, into optimization models. This integration is crucial for practical applications where data is often maintained in spreadsheet formats. The notebook provides a step-by-step guide on setting up Excel files and configuring AMPL to read this data using the amplxl table handler, thereby streamlining the data import process in optimization tasks."
Energy,Electrical Power Systems,NLP,"AMPL, 
Python, 
amplpy","KNITRO, 
Ipopt",Google Colab,N/A,Case Study,Python,Python,Single: Minimize power generation costs while satisfying network constraints and ensuring optimal power flow,"Nicolau Santos: 
nicolau@ampl.com","Stephen Frank & Steffen Rebennack (2016) An introduction to optimal power flow: Theory, formulation, and examples, IIE Transactions, 48:12, 1172-1197",https://colab.ampl.com/notebooks/optimal-power-flow-with-ampl-and-python-bus-injection-model-bim.html,"The model solves the Optimal Power Flow (OPF) problem using the Bus Injection Model (BIM) formulation. OPF determines the optimal dispatch of generation units while considering system constraints such as power balance, voltage limits, and line flow limits. The decision variables include active and reactive power generation, and constraints involve power balance equations, voltage magnitude limits, and line thermal limits.",-,Power Grid Optimization,Continuous,"Power balance equations at each bus
Generator operating limits (upper/lower bounds on power generation)
Voltage magnitude constraints at each bus
Transmission line flow limits","The Optimal Power Flow (OPF) problem is a fundamental challenge in power systems operation and planning, ensuring that power is generated and transmitted efficiently while minimizing costs and maintaining system security. The Bus Injection Model (BIM) is a mathematical representation of the power system that expresses nodal power balances using bus admittance matrices. OPF plays a crucial role in economic dispatch, renewable energy integration, and grid stability, making it a key component of modern smart grids and electricity markets."
Energy,Electrical Power Systems,NLP,"AMPL, 
Python, 
amplpy","KNITRO, 
Ipopt",Google Colab,N/A,Case Study,Python,Python,Single: To optimize power flow in electrical networks considering controllable phase-shifting transformers and tap-changing transformers,"Nicolau Santos: 
nicolau@ampl.com","Stephen Frank & Steffen Rebennack (2016) An introduction to optimal power flow: Theory, formulation, and examples, IIE Transactions, 48:12, 1172-1197",https://colab.ampl.com/notebooks/optimal-power-flow-with-ampl-and-python-bus-injection-model-bim-with-controllable-phase-shifting-transformers-and-tap-changing-transformers.html,"This model addresses the optimal power flow (OPF) problem using the Bus Injection Model (BIM) formulation. It incorporates the effects of controllable phase-shifting transformers and tap-changing transformers to manage power flow in electrical networks. The model defines decision variables representing voltage magnitudes and angles at each bus, as well as transformer tap positions and phase shifts. Constraints include power balance equations, voltage limits, transformer operation limits, and line flow limits.",-,Power Grid Optimization,Continuous,"Power balance equations at each bus, 
voltage magnitude limits, 
transformer tap position limits, 
phase shift limits, 
transmission line flow limits.","The model focuses on optimizing the flow of electrical power within a transmission network. By adjusting transformer settings, such as tap positions and phase shifts, the model seeks to control power flows to improve efficiency, reduce losses, and maintain system reliability. This is particularly important in modern power systems with varying load demands and the integration of renewable energy sources."
Energy,Electrical Power Systems,LP,"AMPL, 
Python, 
amplpy",Highs,Google Colab,N/A,Case Study,Python,Python,Single: Minimize power generation cost while ensuring network feasibility,"Nicolau Santos: 
nicolau@ampl.com","Stephen Frank & Steffen Rebennack (2016) An introduction to optimal power flow: Theory, formulation, and examples, IIE Transactions, 48:12, 1172-1197",https://colab.ampl.com/notebooks/optimal-power-flow-with-ampl-and-python-dc-power-flow.html,"This model implements a DC Optimal Power Flow (DC-OPF) formulation to optimize the dispatch of power generation across a network while minimizing cost. The model uses linear constraints to represent the power balance equations and transmission limits, ensuring feasible system operation. Decision variables include generator output levels, and constraints ensure that power injections and line flows respect system limitations.",-,Power Grid Optimization,Continuous,"Power balance at each bus (Kirchhoff’s Current Law)
Generator capacity limits
Transmission line flow limits
Reference bus angle fixed for voltage stability","The model addresses power system operation and economic dispatch by optimizing power generation while maintaining grid stability. The DC approximation is used for computational efficiency, making it suitable for large-scale power networks where fast optimization is needed. It is widely applied in electricity market operations, transmission planning, and system reliability studies."
Energy,Electrical Power Systems,NLP,"AMPL, 
Python, 
amplpy","KNITRO, 
Ipopt",Google Colab,N/A,Case Study,Python,Python,Single: Minimize the total generation cost while ensuring power balance and operational constraints in the electrical grid,"Nicolau Santos: 
nicolau@ampl.com","Stephen Frank & Steffen Rebennack (2016) An introduction to optimal power flow: Theory, formulation, and examples, IIE Transactions, 48:12, 1172-1197",https://colab.ampl.com/notebooks/optimal-power-flow-with-ampl-and-python-conventional-power-flow.html,"This model solves the Optimal Power Flow (OPF) problem using AMPL and Python. It minimizes the generation cost while meeting electricity demand and operational constraints. The decision variables include generator power outputs and voltage magnitudes, while constraints include power balance, generator limits, and transmission capacity constraints. The model is solved using IPOPT, which is well-suited for large-scale nonlinear optimization problems.",-,Power Grid Optimization,Continuous,"Power balance equations
Generator operating limits
Transmission line capacity limits
Voltage magnitude constraints","The Optimal Power Flow (OPF) problem is a fundamental challenge in power systems engineering. It involves optimizing the generation dispatch to minimize costs while ensuring stable and secure grid operation. OPF is critical for efficient energy management, reducing operational costs, and enhancing power system reliability. The model considers both economic and technical constraints to achieve an optimal solution for power distribution across a network."
Energy,Electrical Power Systems,NLP,"AMPL, 
Python, 
amplpy","KNITRO, 
Ipopt",Google Colab,N/A,Case Study,Python,Python,Single: Minimize power generation cost while maintaining network constraints,"Nicolau Santos: 
nicolau@ampl.com","Stephen Frank & Steffen Rebennack (2016) An introduction to optimal power flow: Theory, formulation, and examples, IIE Transactions, 48:12, 1172-1197",https://colab.ampl.com/notebooks/optimal-power-flow-with-ampl-and-python-data-management.html,"This model optimizes power generation and distribution in an electrical network, considering cost minimization, generation constraints, and network feasibility. It formulates an Optimal Power Flow (OPF) problem using nonlinear programming techniques in AMPL and Python. Decision variables include power generation levels at different nodes, and constraints include generator limits, transmission line capacities, and demand balance.",-,Power Grid Optimization,Continuous,"Power balance equations,
generator capacity limits, 
transmission constraints, 
voltage stability limits","The model addresses the problem of determining the most cost-effective way to distribute electrical power while ensuring system reliability. Power grid operators and energy companies use OPF models to balance supply and demand, minimize operational costs, and ensure grid stability under varying load conditions."
Operations Research,Stochastic Optimization,Stochastic MILP,"AMPL, 
Python, 
amplpy",Highs,Google Colab,Scenario-based,Lecture,Python,Python Visualisation,Single: Minimize expected cost under uncertainty,"Nicolau Santos: 
nicolau@ampl.com",https://www.gurobi.com/events/solving-simple-stochastic-optimization-problems-with-gurobi/,https://colab.ampl.com/notebooks/solving-simple-stochastic-optimization-problems-with-ampl.html,"This model demonstrates how to solve simple stochastic optimization problems using AMPL. It incorporates scenario-based decision-making to account for uncertainty in parameters. The model formulates a decision problem where a set of constraints and an objective function account for uncertain conditions, using different solvers to optimize decisions under various scenarios.",https://colab.ampl.com/_images/f34856112c9b53a70a3b69e2ef3804c014dbf00b043cc6fba0b0a65442193cc9.png,Uncertainty-based Decision Optimization,Continuous,"Budgetary limits, 
operational feasibility, 
probabilistic constraints","Stochastic optimization models are essential in decision-making under uncertainty. This model exemplifies how businesses and researchers can structure optimization problems to minimize expected costs or risks by incorporating multiple possible future scenarios. It is relevant for industries such as supply chain management, finance, and energy, where uncertainties significantly impact strategic decisions."
Logistics,Inventory Management,MILP,"AMPL, 
amplpy","Gurobi,
Highs,
SCIP,
CBC,
GCG",Google Colab,Dantzig-Wolfe decomposition,Case Study,Python,AMPL,Single: Minimize the number of bins used to pack a set of items.,"Jurgen Lentz:
jurgenlentz26@gmail.com",,https://colab.ampl.com/notebooks/ampl-capacitated-p-median-problem-with-gcg.html,"This model is designed to solve the bin packing problem, a classic optimization problem where the objective is to pack a collection of items into a minimum number of bins of fixed capacity. The decision variables represent item-to-bin assignments, and constraints ensure that the total weight or volume of items in each bin does not exceed its capacity.",-,Bin Packing,Binary,"Each item must be packed into exactly one bin.
The total weight or volume of items in each bin must not exceed the bin's capacity.
A limit on the number of bins may be imposed based on practical constraints.","The bin packing problem is a critical challenge in logistics, supply chain management, and manufacturing. Efficient bin packing helps minimize the number of bins or containers used, reducing transportation costs and optimizing warehouse space. In real-world scenarios, this model applies to packaging, shipping, and distribution industries, where items of varying sizes need to be packed into fixed-size containers."
Logistics,Facility Location,MILP,"AMPL, 
amplpy","Gurobi,
Highs,
SCIP,
CBC,
GCG",Google Colab,Dantzig-Wolfe decomposition,Case Study,Python,AMPL,Single: Minimize total transportation and facility opening costs while determining the optimal locations for facilities,"Jurgen Lentz:
jurgenlentz26@gmail.com",,https://colab.ampl.com/notebooks/ampl-bin-packing-problem-with-gcg.html,This model solves the capacitated p-median problem. It focuses on the selection of p facilities (medians) to minimize the transportation and fixed facility costs while considering capacity constraints. Decision variables include facility locations and the allocation of demand points to these facilities. The model is particularly useful in supply chain and logistics for determining optimal facility placement in a network.,-,Facility Location,Binary,"Capacity limits for each facility, 
ensuring no facility is overloaded; 
fixed number of facilities to be chosen (p); 
allocation of demand points to open facilities","The model addresses the challenge of optimally placing a set number of facilities in a transportation network to minimize overall cost, considering both fixed facility costs and variable transportation costs between facilities and customers. This problem is critical in logistics and operations research for improving supply chain efficiency."
Puzzles,Sudoku,MILP,"AMPL, 
Python, 
amplpy",Highs,Google Colab,Constraint programming,Lecture,"*.dat (AMPL), 
Python","*.dat (AMPL), 
Python",Single: Solve Nonogram puzzles by determining the correct placement of filled and empty cells based on constraints.,"Juan Jesús Losada del Olmo:
juanjesus.losada@gmail.com","Goldner, K., Kimura, R. and Schwartz, A. (no date). Nonokenken: solving puzzles using integer programs. University Research. University of Washington.",https://colab.ampl.com/notebooks/solving-a-nonogram-puzzle.html,"This model formulates Nonogram puzzle-solving as a constraint satisfaction problem. Decision variables represent whether a cell is filled or empty, subject to constraints derived from the puzzle's row and column clues. The objective is to find a feasible grid configuration satisfying all constraints.",-,Puzzle Solving,"Binary, Continuous","Row and column constraints ensuring that consecutive filled blocks match the given puzzle hints.
Logical constraints to enforce consistency across the grid.","Nonograms, also known as Picross or Griddlers, are logic-based puzzles where players determine which cells in a grid should be filled to satisfy row and column constraints. These puzzles are commonly used in recreational mathematics and computer science for algorithmic problem-solving challenges. The model applies mathematical optimization techniques to automate the solution process."
Supply Chain,Facility Location,Stochastic MILP,"AMPL, 
Python, 
amplpy",CPLEX,Google Colab,Benders decomposition,Lecture,"*.dat (AMPL), 
Python",Python,Single: To enhance the efficiency of solving a stochastic facility location problem using Benders Decomposition implemented with ampls.,"Christian Valente:
ccv@ampl.com,
Gyorgy Matyasfalvi:
gyorgy@ampl.com",SCIP Optimization Suite example projects – Stephen J. Maher (ZIB),https://colab.ampl.com/notebooks/ampl-development-tutorial-66-implementing-benders-decomposition-with-ampls.html,"This tutorial demonstrates the application of Benders Decomposition to a stochastic facility location problem using AMPL's Solver Library (ampls). The approach involves decomposing the problem into master and subproblems to improve computational efficiency. By exporting the master problem to its solver representation, cuts can be added directly to the solver’s matrix, allowing for the reuse of previously computed solutions and enhancing overall process efficiency.",-,Facility Location,"Binary, Continuous","Facility capacity limitations, 
demand satisfaction requirements, 
logical relationships between facility openings and customer assignments","The stochastic facility location problem involves determining optimal locations for facilities to minimize costs while considering uncertainties in customer demand. Benders Decomposition is employed to efficiently solve this problem by separating decision variables into master and subproblems, thus reducing computational complexity."
Logistics,Vehicle Routing,MILP,"AMPL, 
Python, 
amplpy",Highs,Google Colab,N/A,Case Study,"Google Maps,
Python",Google Maps Visualization,Single: Solve Nonogram puzzles by determining the correct placement of filled and empty cells based on constraints.,"Christian Valente:
ccv@ampl.com",,https://colab.ampl.com/notebooks/dynamic-routing-example.html,"This model provides an interactive interface for solving routing problems. Users can add points dynamically by clicking on a map, visualize inputs and solutions, and observe each step of the row generation methodology applied to solve the problem.",-,Route Optimization,Binary,Constraints related to routing feasibility and optimization,"The model addresses the challenge of determining optimal routes for vehicles in real-time, allowing for dynamic addition of destinations and visualization of routes on a map."
Finance,Investment,QP,"AMPL, 
Python, 
amplpy",CPLEX,Google Colab,Markowitz Model,Case Study,"Google sheets,
Python",Python Visualisation,"Single: To construct the efficient frontier by minimizing portfolio variance for a given expected return, thereby identifying optimal risk-return combinations.","Christian Valente:
ccv@ampl.com","Markowitz, H.M. (March 1952). “Portfolio Selection”. The Journal of Finance. 7 (1): 77–91. doi:10.2307/2975974. JSTOR 2975974.",https://colab.ampl.com/notebooks/efficient-frontier-with-google-sheets.html,This model employs quadratic programming to determine the efficient frontier in portfolio optimization. It minimizes the portfolio's variance subject to constraints on expected return and asset weights. The integration with Google Sheets allows for dynamic data input and result visualization.,https://colab.ampl.com/_images/6f602f0233f9d5df692e11a07959ea610351a2074e0e7701cd48cd492e522c2f.png,Portfolio Optimization (Frontier Calculation),Continuous,"Sum of asset weights equals one (fully invested portfolio)
Asset weights are non-negative (no short-selling)
Portfolio's expected return meets a specified target","In portfolio management, constructing the efficient frontier involves identifying the set of optimal portfolios offering the highest expected return for each level of risk. This process assists investors in making informed decisions by balancing risk and return, adhering to the principles of modern portfolio theory."
Puzzles,Sudoku,MILP & CP,"AMPL, 
Python, 
amplpy",Highs,Google Colab,Constraint programming,Case Study,Python,Python,"Single: Solve Sudoku puzzles by filling a 9x9 grid so that each row, column, and 3x3 subgrid contains all digits from 1 to 9 exactly once.","Christian Valente:
ccv@ampl.com",,https://colab.ampl.com/notebooks/simple-sudoku-solver-using-logical-constraints-with-gui.html,"The model addresses the challenge of solving Sudoku puzzles by formulating them as optimization problems. It demonstrates how both MILP and CP techniques can be applied to ensure that each digit from 1 to 9 appears exactly once in each row, column, and 3x3 subgrid of a 9x9 grid.",-,Puzzle Solving,"Binary, Integer","Each digit must appear exactly once in each row, column, and subgrid; 
each cell must contain exactly one digit.","The model addresses the challenge of solving Sudoku puzzles by formulating them as optimization problems. It demonstrates how both MILP and CP techniques can be applied to ensure that each digit from 1 to 9 appears exactly once in each row, column, and 3x3 subgrid of a 9x9 grid."
Logistics,Salesman Problem,MILP,"AMPL, 
Python, 
amplpy",Gurobi,Google Colab,Subtour Elimination,Case Study,Python,Python Visualisation,Single: Solve Nonogram puzzles by determining the correct placement of filled and empty cells based on constraints.,"Christian Valente:
ccv@ampl.com",,https://colab.ampl.com/notebooks/travelling-salesman-problem-with-subtour-elimination.html,"This model formulates and solves the Travelling Salesman Problem (TSP) using a Mixed-Integer Linear Programming (MILP) approach. It employs subtour elimination constraints to ensure the solution represents a valid tour. The decision variable represents whether a path is taken between two cities, and constraints enforce the connectivity and subtour elimination.",https://colab.ampl.com/_images/9893832340bed1363ffa26178e69109c2f930cc00ef5551c19757eaeaf3c6d1f.png,Route Optimization,"Binary, Continuous","Each city must be visited exactly once.
A single continuous tour must be formed.
Subtour elimination constraints prevent disconnected cycles.","The Travelling Salesman Problem (TSP) is a fundamental problem in combinatorial optimization and logistics. It aims to determine the shortest possible route for a salesman to visit a set of cities exactly once before returning to the starting point. TSP has widespread applications in supply chain management, vehicle routing, and network design, making it a crucial problem in transportation and logistics optimization. The use of subtour elimination constraints ensures feasible solutions without disconnected sub-tours."
Supply Chain,Logistics,MILP,"AMPL, 
Python, 
amplpy",Highs,Google Colab,N/A,Case Study,"*.dat (AMPL), 
Python",AMPL,Single: Minimize the total cost of facility setup and transportation,"Gyorgy Matyasfalvi:
gyorgy@ampl.com",SCIP Optimization Suite example projects – Stephen J. Maher (ZIB),https://colab.ampl.com/notebooks/ampl-development-tutorial-16-capacitated-facility-location-problem.html,The model determines the optimal locations for facilities to minimize total costs while satisfying demand constraints,-,Facility Location,"Binary, Continuous","Capacity limits at facilities, 
demand fulfillment requirements, 
cost minimization constraints","Facility location problems are a critical component of supply chain and logistics management. The capacitated variant ensures that facilities operate within their maximum service capabilities while minimizing the combined costs of opening facilities and distributing goods. It is widely applied in retail distribution, warehousing, and logistics optimization."
Supply Chain,Logistics,Stochastic MILP,"AMPL, 
Python, 
amplpy",Highs,Google Colab,N/A,Case Study,"*.dat (AMPL), 
Python",AMPL,"Single: Minimize the expected total cost, including facility opening and operational costs, while satisfying demand across all scenarios","Gyorgy Matyasfalvi:
gyorgy@ampl.com",SCIP Optimization Suite example projects – Stephen J. Maher (ZIB),https://colab.ampl.com/notebooks/ampl-development-tutorial-26-stochastic-capacitated-facility-location-problem.html,"This model addresses the Stochastic Capacitated Facility Location Problem by determining the optimal set of facilities to open and their respective capacities to meet uncertain customer demands. The objective is to minimize the expected total cost, which includes both the fixed costs of opening facilities and the variable costs of serving customers, while ensuring that demand is met across various scenarios.",-,Facility Location,"Binary, Continuous","Facility capacity constraints, 
demand satisfaction constraints, 
non-negativity constraints","The model focuses on optimizing the location and operation of facilities within a supply chain to efficiently meet uncertain customer demands. By incorporating stochastic elements, it accounts for variability in demand, leading to more robust and cost-effective facility location decisions."
Supply Chain,Logistics,Stochastic MILP,"AMPL, 
Python, 
amplpy",Highs,Google Colab,Benders Decomposition,Case Study,"*.dat (AMPL), 
Python",AMPL,"Single: Minimize the expected total cost, including facility opening and operational costs, while satisfying demand across all scenarios","Gyorgy Matyasfalvi:
gyorgy@ampl.com",SCIP Optimization Suite example projects – Stephen J. Maher (ZIB),https://colab.ampl.com/notebooks/ampl-development-tutorial-36-benders-decomposition-via-ampl-scripting.html,"This model uses Benders Decomposition to handle large-scale mixed-integer optimization problems by decomposing them into a master problem and subproblems. The model optimizes the allocation of resources in a multi-stage decision process. Decision variables in the model represent the allocation of resources, while constraints include operational limits, cost structures, and feasibility conditions. The decomposition technique is applied to manage large problem sizes efficiently, improving computation times.",-,Facility Location,"Binary, Continuous","Facility capacity constraints, 
demand satisfaction constraints, 
non-negativity constraints","Benders decomposition is widely used in solving complex mixed-integer problems where traditional solution methods become inefficient due to the problem size. This method breaks down the problem into manageable subproblems, making it suitable for applications like supply chain optimization, scheduling, and resource allocation in industries such as energy and manufacturing. The tutorial demonstrates the application of this technique to tackle large-scale optimization challenges with mixed-integer variables efficiently."
Supply Chain,Logistics,Stochastic MILP,"AMPL, 
Python, 
amplpy",Highs,Google Colab,Benders decomposition,Case Study,Python,AMPL,Single: Minimize costs by efficiently decomposing large-scale optimization problems,"Gyorgy Matyasfalvi:
gyorgy@ampl.com",SCIP Optimization Suite example projects – Stephen J. Maher (ZIB),https://colab.ampl.com/notebooks/ampl-development-tutorial-46-benders-decomposition-via-python-scripting.html,"This model demonstrates the implementation of Benders Decomposition, a mathematical optimization technique for solving large-scale MILP problems efficiently. The approach divides the original problem into a master problem and one or more subproblems, reducing computational complexity. The tutorial provides an interactive environment to implement the method using AMPL and Python scripting.",-,Facility Location,"Binary, Continuous","Capacity constraints, 
demand fulfillment, 
subproblem feasibility conditions.","Supply Chain Optimization often involves large-scale decision-making, requiring advanced techniques to handle computational complexity. Benders Decomposition is widely applied in logistics, energy systems, and transportation networks to break down MILP models into smaller, more manageable parts, enhancing solution efficiency while maintaining optimality"
Supply Chain,Logistics,Stochastic MILP,"AMPL, 
Python, 
amplpy",Highs,Google Colab,"Parallel Computing,
Benders Decomposition",Case Study,Python,AMPL,Single: Minimize total cost in a stochastic facility location problem,"Gyorgy Matyasfalvi:
gyorgy@ampl.com",SCIP Optimization Suite example projects – Stephen J. Maher (ZIB),https://colab.ampl.com/notebooks/ampl-development-tutorial-56-parallelizing-subproblem-solves-in-benders-decomposition.html,"This tutorial demonstrates the evolution of a Benders decomposition Python script from serial to parallel execution for solving subproblems. The focus is on a two-stage stochastic facility location problem, where the first stage involves decisions on facility openings, and the second stage addresses transportation planning under uncertain demand scenarios. The model employs Benders decomposition to separate the problem into a master problem and multiple subproblems, which are solved in parallel to enhance computational efficiency.",-,Facility Location,"Binary, Continuous","Ensure that shipments from each facility do not exceed its capacity.
Guarantee that customer demands are met in each scenario.","The model addresses the challenge of determining optimal facility locations and corresponding transportation plans in the presence of uncertain customer demand. By implementing Benders decomposition and parallelizing the solution of subproblems, the tutorial showcases an efficient approach to solving large-scale, stochastic supply chain optimization problems."
Energy,Power Generation Planning,MILP,"AMPL,
amplpy",CBC,Google Colab,N/A,Case Study,*.dat (AMPL),AMPL,Single: Minimize cost while ensuring sufficient power generation capacity to meet demand,"Gyorgy Matyasfalvi:
gyorgy@ampl.com","Ahmed, S., King, A. J. and Parija G. (2003). “A Multi-Stage Stochastich Integer Programming Approach for Capacity Expansion Under Uncertainty”. In: J. of Global Optimization 26.1 (May 2003), pp. 3-24. URL: https://doi.org/10.1023/A:1023062915106",https://colab.ampl.com/notebooks/capacity-expansion-of-power-generation.html,"This model addresses the problem of planning the expansion of power generation capacity while minimizing costs. It determines optimal investments in new generation capacity, considering operational constraints, demand forecasts, and cost parameters. The decision variables include investment in new power plants and generation levels. Constraints involve capacity limits, operational feasibility, and energy balance equations.",-,Capacity Expansion Management,"Continuous, Integer","Capacity limits for existing and new power plants
Demand satisfaction constraints
Budget and cost constraints
Operational feasibility constraints","Power generation capacity expansion is a critical problem in the energy sector, requiring strategic planning to balance investment costs with reliability and sustainability. This model helps energy planners determine the most cost-effective way to expand generation capacity while ensuring that future electricity demand is met. It considers economic and operational factors, making it a valuable tool for utilities and policymakers."
Operations Research,Mathematical Programming,LP,"AMPL,
amplpy",Highs,Google Colab,Debugging Infeasibility,Lecture,*.dat (AMPL),AMPL,Single: Identifying and resolving infeasibilities in mathematical models,"Gyorgy Matyasfalvi:
gyorgy@ampl.com",AMPL a Modeling Language for Mathematical Programming – Robert Fourer et al.,https://colab.ampl.com/notebooks/debugging-model-infeasibility.html,The notebook provides a guide on troubleshooting model infeasibility using AMPL’s presolve feature and other language capabilities.,-,Debugging Infeasibility,Continuous,-,"The notebook addresses the challenge of diagnosing and resolving infeasibilities in mathematical programming models, which is crucial for ensuring that optimization problems have feasible solutions."
Operations Research,Mathematical Programming,MILP,"AMPL,
amplpy",Highs,Google Colab,-,Lecture,*.dat (AMPL),AMPL,Single: To introduce and educate users on formulating and solving linear and integer programming problems using AMPL.,"Gyorgy Matyasfalvi:
gyorgy@ampl.com",Linear Programming (Foundations and Extensions) – Robert J. Vanderbei,https://colab.ampl.com/notebooks/introduction-to-linear-and-integer-programming.html,"This resource provides an introduction to linear and integer programming, demonstrating how to formulate optimization problems and solve them using AMPL. It covers the definition of decision variables, objective functions, and constraints, offering practical examples to illustrate these concepts.",-,Introduction to Linear Programming,Continuous,limitations or requirements,"This educational resource addresses the foundational concepts of linear and integer programming within operations research. It aims to equip learners with the skills to model and solve optimization problems that arise in various industries, including manufacturing, logistics, and finance."
Operations Research,Mathematical Programming,MILP,"AMPL, 
Python, 
amplpy","Gurobi
Ipopt",Google Colab,-,Lecture,Python,Python Visualisation,Single: To introduce and educate users on mathematical optimization concepts and modeling using AMPL,"Gyorgy Matyasfalvi:
gyorgy@ampl.com",Convex Analysis and Optimization – Dimitri P. Bertsekas et al.,https://colab.ampl.com/notebooks/introduction-to-mathematical-optimization.html,"This notebook provides an introduction to mathematical optimization, covering fundamental concepts and demonstrating how to model and solve optimization problems using the AMPL modeling language.",https://colab.ampl.com/_images/076ad83fd438ccb6666fa266312d6c102e41225496ad20b2fc29e7d7b9e458ab.png,Introduction to Mathematical Optimization,Continuous,-,"The notebook addresses the foundational aspects of mathematical optimization within operations research, focusing on formulating and solving optimization problems using the AMPL modeling language."
Network,(Max&Min)imum Flow,LP,"AMPL, 
Python, 
amplpy",Highs,Google Colab,-,Lecture,Python,Python Visualisation,Single: Optimizing network flow and resource allocation,"Gyorgy Matyasfalvi:
gyorgy@ampl.com",Network Flows – Ravindra K. Ahuja et al.,https://colab.ampl.com/notebooks/network-linear-programs.html,"The model focuses on optimizing network flow and resource allocation through linear programming techniques. The goal is to minimize or maximize a specific objective (e.g., minimizing transportation cost or maximizing network efficiency) while satisfying a set of constraints related to capacities, costs, and other network limitations. It involves defining decision variables representing flow amounts and resource allocations, alongside constraints on the system's limits, such as capacity restrictions on network links. The model is built to solve typical transportation and distribution problems, especially those relevant in energy networks.",https://colab.ampl.com/_images/08b7439b029b3bce9d9c7b16ff609f0035c7d6cf487af98b789f15540461cd24.png,Flow Optimization,Integer,"Capacity constraints on network links, 
cost limitations, and resource availability","Network optimization in the energy sector focuses on optimizing the flow of resources (like electricity, natural gas, or other utilities) through a network of interconnected systems. The challenges typically involve managing resource allocation efficiently while adhering to constraints such as capacity limits, flow regulations, and cost considerations. This model can be applied to energy distribution systems, where efficient routing of energy through a network minimizes operational costs and meets demand requirements."
"Retail, Sales",Sales,MILP,"AMPL, 
Python, 
amplpy",CPLEX,Google Colab,-,Case Study,Python,AMPL,Single: Maximizing profit by determining the optimal price for products in a target market.,"Gyorgy Matyasfalvi:
gyorgy@ampl.com",https://stackoverflow.com/questions/60669893/formulating-pricing-optimization-as-milp,https://colab.ampl.com/notebooks/pricing-and-target-market.html,"This model is designed to help businesses determine the optimal pricing strategy for their products, aiming to maximize profit. It includes decision variables representing prices, constraints based on market demand and production costs, and an objective function that seeks to optimize overall profit. The model is built using linear programming methods in AMPL and uses CPLEX as the solver to solve the optimization problem. The decision variables include the price points for each product, while constraints reflect the market demand curve, budget limits, and production costs.",-,Pricing Optimization,"Binary, Continuous","Demand curves, budget limits, 
production constraints","The model addresses the challenge of finding the best pricing strategy in competitive markets. By taking into account factors like market demand, cost structures, and competitive pricing, the model helps firms optimize their pricing to achieve maximum profit while remaining competitive in the market."
"Retail, Sales",Retail,LP,"AMPL,
amplpy",Gurobi,Google Colab,-,Lecture,"*.dat (AMPL), 
Python",Python Visualisation,Single: Maximize profit by optimizing the price and quantity of lemonade sold.,"Gyorgy Matyasfalvi:
gyorgy@ampl.com",,https://colab.ampl.com/notebooks/production-model-lemonade-stand-example.html,"This model aims to optimize the production of lemonade in a stand operation. The key decision variables include the amount of lemonade to produce and the price at which to sell it. The constraints are based on resource availability (e.g., lemons, sugar, and cups), operating hours, and demand levels. The objective is to maximize profit while respecting these limitations.",https://colab.ampl.com/_images/a0d68f7ccee37b8622322d47ade2c777eff4b3352a6d714481f52435d93cebd0.png,Sales Strategy Management,Integer,"Availability of raw materials, 
labor hours, 
maximum demand,
minimum profit margin.","The model addresses the challenge of efficiently managing resources and pricing strategies for a small retail business, such as a lemonade stand. The goal is to determine how much lemonade to produce and at what price to maximize profitability while staying within operational constraints."
Energy,Electrical Power Systems,MILP,"AMPL,
amplpy",Highs,Google Colab,-,Case Study,"*.dat (AMPL), 
Python",Python,Single: Minimize the total cost of power generation while satisfying demand and operational constraints,"Gyorgy Matyasfalvi:
gyorgy@ampl.com",https://colab.research.google.com/github/Gurobi/modeling-examples/blob/master/electrical_power_generation_1_2/electrical_power_1_gcl.ipynb,https://colab.ampl.com/notebooks/unit-commitment-for-electrical-power-generation.html,"This model focuses on the optimal unit commitment for electrical power generation. The goal is to determine the best schedule for turning on or off power generation units to meet electricity demand at minimal cost, considering factors like fuel costs, generator constraints, and demand requirements.",-,Power Generation,"Integer, Continuous","Generator capacity limits (minimum and maximum generation limits).
Ramp-up and ramp-down limits for each generator.
Power balance constraint (supply must equal demand).
Operational constraints (e.g., maintenance schedules, minimum uptime).","The unit commitment problem addresses the challenge of efficiently scheduling power generation units to meet electricity demand while minimizing operational costs. It is a critical issue in energy systems management, particularly for systems with a large mix of generation types (e.g., thermal, renewable). The optimization process must account for both technical and economic constraints, ensuring reliability, cost-effectiveness, and sustainability."
Operations Research,Entertainment,MILP,"AMPL, 
Python, 
amplpy","Highs,
Gurobi,
CBC",Google Colab,-,Case Study,Python,Python,Single: Maximize total happiness by optimally assigning gifts to individuals within a budget constraint,"Filipe Brandão:
fdabrandao@gmail.com",Generated by ChatGPT,https://colab.ampl.com/notebooks/ampl-christmas-model-created-by-chatgpt.html,"This model aims to assign the best possible gift to each person from a predefined set, maximizing overall happiness while adhering to a budget constraint. Each gift has an associated cost, and each person can receive only one gift. The decision variables x[p,g] are binary, indicating whether person p receives gift g. The objective function seeks to maximize the sum of happiness values for all assigned gifts, subject to constraints on budget and gift assignments.",-,Holiday Gift Allocation,Binary,"Budget limitation; 
each person receives exactly one gift; 
total cost does not exceed the budget","The model addresses the challenge of distributing gifts during Christmas in a manner that maximizes overall happiness. Given a set of individuals and potential gifts, each with a specific cost and associated happiness value, the problem involves selecting and assigning gifts such that the total expenditure remains within a predefined budget, and each individual receives exactly one gift. This scenario exemplifies a combinatorial optimization problem commonly encountered in operations research, particularly in resource allocation and assignment contexts."
Healthcare,Nutrition and Diet Planning,LP,"AMPL, 
Python, 
amplpy",CBC,Google Colab,-,Case Study,"Python,
Google Sheets",Python,Single: Minimize diet cost while meeting nutritional requirements,"Filipe Brandão:
fdabrandao@gmail.com",AMPL Diet Model Example,https://colab.ampl.com/notebooks/diet-model-with-google-sheets.html,"This linear programming model optimizes a diet plan by selecting food items that meet nutritional requirements at minimal cost. It defines decision variables for food selection, constraints for dietary needs, and an objective function to minimize cost. The model integrates Google Sheets for data input and output.",-,Diet Optimization,Continuous,"Nutritional intake limits,
cost constraints","The model addresses diet optimization, ensuring balanced nutrition while minimizing costs. It is useful for dietary planning in healthcare, food service, and personal meal budgeting. It demonstrates how mathematical programming can improve meal selection efficiency."
Operations Research,Mathematical Programming,MILP,"AMPL, 
Python, 
amplpy",Highs,Google Colab,-,Lecture,Python,Python,Single: Minimize costs and maximize efficiency in decision-making problems,"Filipe Brandão:
fdabrandao@gmail.com",,https://colab.ampl.com/notebooks/ampl-model-colaboratory-template.html,"This MILP-based optimization model is developed in AMPL and Python, integrating with solvers such as CPLEX, Gurobi, and CBC. The model defines decision variables to represent choices within an optimization problem, subject to operational constraints. It aims to minimize costs or maximize efficiency by solving complex decision-making problems. The model leverages advanced techniques like branch-and-bound and cutting planes to enhance performance.",-,AMPL Colab Template,Continuous,"Capacity limits, 
budget restrictions, 
operational constraints, 
resource allocation constraints","Operations Research focuses on applying mathematical models to optimize decision-making in various industries. This model addresses real-world problems such as resource allocation, production scheduling, and logistics optimization by leveraging MILP techniques. The integration of AMPL and Python ensures flexibility and scalability for solving large-scale problems efficiently."
Finance,Investment,QP,"AMPL, 
Python, 
amplpy,
amplpyfinance",Gurobi,Google Colab,Markowitz Model,Case Study,Python,Python Visualisation,Single: Minimize diet cost while meeting nutritional requirements,"Filipe Brandão:
fdabrandao@gmail.com","Cornuejols, G., and Tütüncü, R. (2018). Optimization Methods in Finance (2nd edition): Bond Dedication example. Cambridge University Press.",https://colab.ampl.com/notebooks/financial-portfolio-optimization-with-amplpy.html,"This model implements Markowitz’s mean-variance optimization framework for portfolio selection. It selects an optimal asset allocation by minimizing risk (variance of returns) while achieving a target expected return. The model defines decision variables as asset weights, with constraints ensuring full investment, non-negativity, and optional short-selling. It employs solvers like CPLEX and Gurobi to efficiently solve quadratic optimization problems.",https://colab.ampl.com/_images/5f14f871fc1c02a86362c840d4fa4b895035716f88281d669d9ff64719bbd3e7.png,Portfolio Optimization,Continuous,"sum of weights = 1, 
no short-selling unless allowed, 
risk-return tradeoff constraint","Portfolio optimization is a key financial decision-making process that seeks to allocate capital among different assets to balance risk and return. The Markowitz model applies statistical principles to optimize asset allocation by considering expected returns, variances, and covariances. This model assists investors in constructing diversified portfolios that align with their risk tolerance and financial goals."
Operations Research,Mathematical Programming,MILP,"AMPL, 
Python, 
amplpy",Gurobi,Google Colab,-,Lecture,Python,Python,Single: Maximize total amount,"Filipe Brandão:
fdabrandao@gmail.com",,https://colab.ampl.com/notebooks/jupyter-notebook-integration.html,"This model leverages Mixed-Integer Linear Programming (MILP) to optimize decision variables under constraints. It integrates AMPL with Python via amplpy, enabling seamless interaction with solvers like CPLEX and Gurobi. The model supports large-scale optimization tasks, making it applicable to logistics, supply chain, and resource allocation problems. By utilizing Jupyter Notebook and Google Colab, it facilitates accessibility and scalability for both researchers and industry professionals.",-,Introduction to amplpy,"Binary, Continuous",Capacity limits,"The model addresses complex decision-making challenges within operations research, focusing on mathematical optimization for resource allocation, scheduling, and logistics. By integrating advanced solvers, it enhances efficiency and cost-effectiveness in real-world applications across industries like transportation, energy, and finance."
Network,Network Design,MILP,"AMPL, 
Python, 
amplpy",Gurobi,Google Colab,-,Case Study,Python,Python Visualisation,Single: Minimize the total cost of constructing a network with redundancy to ensure high availability,"Filipe Brandão:
fdabrandao@gmail.com",,https://colab.ampl.com/notebooks/network-design-with-redundancy.html,"The model focuses on designing a cost-effective network that incorporates redundancy to ensure high availability. It utilizes Mixed-Integer Linear Programming (MILP) to determine the optimal network configuration. Decision variables represent the selection of network components and paths, while constraints ensure connectivity and redundancy requirements are met. The primary objective is to minimize the total construction and operational costs while adhering to high availability standards.",https://colab.ampl.com/_images/7d90d34b1fdf877e7d1a5116e12b513b2ac13cd595f44bfae6ce68c4970922e1.png,Network Design with Redundancy,"Binary, Continuous","Connectivity requirements,
redundancy specifications, 
budget limitations.","The model addresses the challenge of designing telecommunications networks that are both cost-effective and highly available. By incorporating redundancy, the network can maintain functionality even in the event of component failures, ensuring uninterrupted service. This is crucial in telecommunications, where downtime can lead to significant operational and financial repercussions."
Operations Research,Holiday Decorations,NLP,"AMPL, 
Python, 
amplpy",Gurobi,Google Colab,-,Case Study,Python,Python Visualisation,Single: Maximize the minimum distance between ornaments on a Christmas tree,"Filipe Brandão:
fdabrandao@gmail.com",,https://colab.ampl.com/notebooks/optimize-your-christmas-tree-to-global-optimality.html,"This model optimizes the placement of ornaments along a sinusoidal path on a Christmas tree to maximize the minimum distance between consecutive ornaments. Decision variables include the x-coordinates of each ornament, with y-coordinates determined by a sine function. Constraints ensure ornaments are ordered from left to right and adhere to the tree's shape.",https://colab.ampl.com/_images/fd66c6cee51ea946f951ddb6e1760aad4677a17a593b315e6dd94d7cf38098dc.png,Euclidean distance,Continuous,Ordering of ornaments and tree shape adherence,"This model addresses the challenge of arranging ornaments on a Christmas tree to achieve an aesthetically pleasing and evenly spaced decoration, enhancing visual appeal during the holiday season."
Manufacturing,Packaging,LP,"AMPL, 
Python, 
amplpy",Gurobi,Google Colab,-,Case Study,"Java,
C++",Python Visualisation,Single: Minimize waste in cutting stock,"Filipe Brandão:
fdabrandao@gmail.com",,https://colab.ampl.com/notebooks/pattern-enumeration.html,"This model addresses the cutting stock problem by enumerating all possible cutting patterns and formulating a linear programming model to minimize waste. It defines a basic pattern-cutting model, includes an enumeration routine to generate feasible patterns, and utilizes plotting routines for visualization.",https://colab.ampl.com/_images/2aaca58a379dcfa46018cb07f695087d1163ac35befae4ae1ed0274b110f4740.png,Cutting Stock Optimization,Integer,Demand satisfaction,"The cutting stock problem is a classic optimization challenge in manufacturing, where the goal is to determine the most efficient way to cut raw materials into smaller pieces to meet specific demand while minimizing waste. This model utilizes pattern enumeration to generate all feasible cutting patterns and formulates a linear programming problem to identify the optimal combination of these patterns."
Manufacturing,Cutting-Packaging,MILP,"AMPL, 
Python, 
amplpy",Gurobi,Google Colab,Column Generation,Case Study,"Java,
C++",Python Visualisation,Single: Minimize waste in cutting stock,"Filipe Brandão:
fdabrandao@gmail.com",,https://colab.ampl.com/notebooks/pattern-generation.html,This model formulates a pattern generation problem using MILP to minimize material waste. It incorporates decision variables representing cutting patterns and constraints to ensure demand satisfaction. Column generation is used to enhance computational efficiency.,https://colab.ampl.com/_images/02a2f4a0a35f95a32d515291e0d187a482fa504a1ef39aca8b2e9ce90545fe69.png,Pattern Generation,Integer,"Demand fulfillment constraints, 
material availability constraints,
non-negativity restrictions","The cutting stock problem arises in manufacturing industries where materials like paper, metal, or textiles must be cut into smaller pieces with minimal waste. This optimization model determines the best cutting patterns to maximize material utilization and reduce costs."
Operations Research,Data Processing,LP,"AMPL, 
Python, 
amplpy",Highs,Google Colab,-,Quick Start,Python,Python,Single: Demonstrate data manipulation using Pandas DataFrames within AMPL workflows,"Filipe Brandão:
fdabrandao@gmail.com",,https://colab.ampl.com/notebooks/quick-start-using-pandas-dataframes.html,"This model demonstrates how to integrate Pandas DataFrames with AMPL, showcasing data import, manipulation, and export. It covers key operations such as filtering, grouping, and merging datasets, facilitating seamless interaction between Python-based data preprocessing and AMPL-based optimization modeling.",-,Pandas dataframes,Continuous,-,"The model addresses the challenge of efficiently managing and transforming input data for optimization models. By leveraging Pandas within AMPL, users can preprocess datasets, ensuring cleaner and structured data inputs for optimization workflows. This approach enhances data interoperability and facilitates a smoother transition between data analysis and mathematical modeling."
Operations Research,Data Processing,MILP,"AMPL, 
Python, 
amplpy",Highs,Google Colab,-,Quick Start,Python,Python,Single: Demonstrate data manipulation using Pandas DataFrames within AMPL workflows,"Filipe Brandão:
fdabrandao@gmail.com",,https://colab.ampl.com/notebooks/quick-start-using-lists-and-dictionaries.html,"This model demonstrates how to integrate Pandas DataFrames with AMPL, showcasing data import, manipulation, and export. It covers key operations such as filtering, grouping, and merging datasets, facilitating seamless interaction between Python-based data preprocessing and AMPL-based optimization modeling.",-,Lists and dictionaries,Continuous,-,"The model addresses the challenge of efficiently managing and transforming input data for optimization models. By leveraging Pandas within AMPL, users can preprocess datasets, ensuring cleaner and structured data inputs for optimization workflows. This approach enhances data interoperability and facilitates a smoother transition between data analysis and mathematical modeling."
Manufacturing,Cutting-Packaging,MILP,"AMPL, 
Python, 
amplpy",Gurobi,Google Colab,-,Case Study,*.dat (AMPL),AMPL,Single: Minimize the number of rolls used and the waste generated,"Filipe Brandão:
fdabrandao@gmail.com",,https://colab.ampl.com/notebooks/roll-cutting-revision-1-and-2.html,The model defines decision variables representing the number of each cutting pattern to use. The objective is to minimize the total number of raw rolls cut and the waste produced. Constraints ensure that the demand for each width is met by the chosen cutting patterns.,-,Roll Cutting,Integer,"Demand fulfillment for each width; 
non-negativity and integrality","The model addresses the cutting stock problem, which involves determining the optimal way to cut raw materials (such as paper rolls) into smaller pieces to meet specific orders, minimizing waste and production costs. This problem is common in industries where materials are cut from standard-sized stock to fulfill varying customer requirements."
Manufacturing,Batch Process Scheduling,MILP,"AMPL, 
Python, 
amplpy","Highs,
Gurobi",Google Colab,Disjunctive Programming,Case Study,Python,Python Visualisation,Single: Optimizing the scheduling of multipurpose batch processes to minimize production time and maximize efficiency,"Filipe Brandão:
fdabrandao@gmail.com",https://jckantor.github.io/ND-Pyomo-Cookbook/notebooks/04.05-Scheduling-Multipurpose-Batch-Processes-using-State-Task_Networks.html,https://colab.ampl.com/notebooks/scheduling-multipurpose-batch-processes-using-state-task-networks-in-python.html,"This model schedules multipurpose batch processes using a State-Task Network (STN) approach. It defines decision variables for batch start times, resource allocation, and task execution while incorporating constraints for equipment availability, material balances, and sequence-dependent changeovers. The goal is to optimize production efficiency by minimizing makespan and reducing idle times.",https://colab.ampl.com/_images/cf0a8b649d0d874255926d7cb0037cb756d11c070e9d6ac5eda283d177af27bc.png,Scheduling in Batch Processing,"Binary, Continuous","Equipment availability, 
task precedence, 
resource limitations, 
operational constraints","Batch process scheduling is crucial in industries such as pharmaceuticals and chemicals, where multiple products share limited production resources. This model optimizes scheduling to enhance throughput while adhering to operational constraints. By using the State-Task Network framework, it efficiently allocates resources and sequences tasks to minimize downtime and production costs."
Manufacturing,Cutting-Packaging,MILP,"AMPL, 
Python, 
amplpy","Highs,
Gurobi",Google Colab,Arc-flow Formulation with Graph Compression.,Case Study,Python,Python,Single: Minimize waste or maximize utilization in cutting and packing operations,"Filipe Brandão:
fdabrandao@gmail.com","Brandão, F. (2017). Cutting & Packing Problems: General Arc-flow Formulation with Graph Compression.",https://colab.ampl.com/notebooks/vpsolver-cutting-and-packing-problems.html,"This model addresses cutting and packing problems using a general arc-flow formulation with graph compression. It represents all patterns and their combinations in a compressed graph, enabling the exact solution of complex instances by formulating them as mixed-integer linear programming (MILP) problems.",https://colab.ampl.com/_images/5e89ff2695d2b776fa2d00f8acefbd14207d529e3f5c1dfb839ee2707e24ab5a.svg,Cutting Stock & Bin Packing,Continuous,"Demand fulfillment, 
material availability,
pattern feasibility constraints","The model focuses on optimizing the cutting and packing processes in manufacturing, aiming to reduce material waste and improve efficiency. By employing advanced arc-flow formulations, it provides exact solutions to complex problems, making it valuable for industries dealing with material cutting and packing challenges."
Operations Research,Data Processing,MILP,"AMPL, 
Python, 
amplpy",Gurobi,Google Colab,-,Quick Start,Python,Python,Single: Minimize operational costs or optimize resource allocation,"Filipe Brandão:
fdabrandao@gmail.com",,https://colab.ampl.com/notebooks/amplpy-setup-and-quick-start.html,"This model utilizes mixed-integer linear programming (MILP) to optimize resource allocation in supply chain management, with decision variables that represent quantities of goods, and constraints to ensure budget and resource limits are respected.",-,Introduction to amplpy,Continuous,"Budget limits, 
inventory capacities, 
transportation limits","The model aims to address the challenge of optimizing supply chain logistics, including minimizing costs and improving efficiency by balancing inventory, transportation, and demand forecasts."
Operations Research,Mathematical Optimization,MILP,"AMPL, 
Python, 
amplpy","Gurobi,
Xpress,
Cplex ",Google Colab,Solution pool,Lecture,Python,Python,Single: Retrieve optimal and near-optimal solutions for complex optimization problems,"Marcos Dominguez Velad:
marcos@ampl.com,
Gleb Belov:
gleb@ampl.com",,https://colab.ampl.com/notebooks/retrieve-solution-pool-with-ampl-and-gurobi.html,The model focuses on retrieving optimal and near-optimal solutions from a solution pool for complex MILP problems. It employs Gurobi as the solver to efficiently handle large solution spaces while using AMPL to define decision variables and constraints.,-,Solution pool,Integer,-,"The model addresses the challenge of efficiently retrieving both optimal and near-optimal solutions from large and complex optimization problems in areas such as scheduling, transportation, and logistics management."
Economic,Economic Equilibrium,LP,"AMPL, 
Python, 
amplpy",Gurobi,Google Colab,-,Case Study,*.dat (AMPL),AMPL,Single: Determine equilibrium prices and production levels,"Marcos Dominguez Velad:
marcos@ampl.com","AMPL: A Modeling Language for Mathematical Programming by Robert Fourer, David M. Gay, and Brian W. Kernighan; Chapter 19",https://colab.ampl.com/notebooks/book-example-economic-equilibria.html,"This model represents an economic equilibrium scenario where, for each product, total output must meet demand with nonnegative prices. Complementarity constraints ensure that if production exceeds demand, the price is zero; conversely, if the price is positive, production equals demand.",-,Complementarity Problem,Continuous,"Constraints ensure nonnegative prices, 
production meeting demand,
complementarity conditions between these relationships","Economic equilibrium modeling focuses on determining the price and production levels in markets such that supply meets demand, and no economic agent has the incentive to change their behavior. This involves solving systems of equations and inequalities representing market conditions and agent behaviors."
Supply Chain,Logistics,LP,AMPL,CBC,Google Colab,-,Case Study,*.dat (AMPL),AMPL,Single: Minimize total transportation costs,"Marcos Dominguez Velad:
marcos@ampl.com","AMPL: A Modeling Language for Mathematical Programming by Robert Fourer, David M. Gay, and Brian W. Kernighan; Chapter 15",https://colab.ampl.com/notebooks/book-example-transshipment-problem.html,"This model addresses the transshipment problem by representing cities as nodes and transportation routes as edges in a network. It defines sets for cities and links, parameters for supply and demand at each city, and aims to minimize the total transportation cost subject to supply and demand constraints.",-,Transshipment Problem,Continuous,Supply constraints at origin cities and demand constraints at destination cities,The transshipment problem focuses on determining the optimal shipment quantities between multiple origins and destinations to minimize transportation costs while satisfying supply and demand requirements. This involves modeling the problem as a network with nodes representing locations and edges representing possible shipment routes.
Healthcare,Nutrition and Diet Planning,LP,AMPL,CBC,Google Colab,-,Case Study,*.dat (AMPL),AMPL,Single: Minimize the cost of a diet while meeting nutritional requirements,"Marcos Dominguez Velad:
marcos@ampl.com","AMPL: A Modeling Language for Mathematical Programming by Robert Fourer, David M. Gay, and Brian W. Kernighan; Chapter ...",https://colab.ampl.com/notebooks/book-example-diet.html,"This model aims to find the least expensive combination of foods that satisfy a given set of nutritional constraints. It defines decision variables representing the quantity of each food item, constraints on nutrient intake, and an objective function minimizing cost. The model is widely used for educational and research purposes in optimization.",-,Diet Optimization,Continuous,"Nutritional constraints (e.g., minimum and maximum intake of nutrients)","Diet optimization models help design cost-effective meal plans while ensuring necessary nutrition. These models are commonly applied in health and nutrition planning, food supply management, and dietary recommendation systems. They are used in academic research, public health policy, and personal meal planning tools."
Logistics,Maritime Shipping,MILP,"AMPL, 
Python, 
amplpy","Highs,
Gurobi",Google Colab,Constraint programming,Case Study,Python,AMPL,Single: MOptimize the scheduling of container shipments to improve efficiency,"Marcos Dominguez Velad:
marcos@ampl.com",,https://colab.ampl.com/notebooks/containers-scheduling.html,"This model focuses on optimizing the scheduling of container shipments within maritime logistics. It aims to enhance operational efficiency by determining optimal schedules for container movements, considering constraints such as vessel capacities, port handling times, and shipping routes.",https://raw.githubusercontent.com/ampl/colab.ampl.com/master/authors/marcos-dv/scheduling/imgs/harbor.jpeg,Container Scheduling,"Binary, Continuous","Vessel capacity limits, 
port handling capabilities, 
shipping routes, 
time windows for departures and arrivals","The model addresses the challenge of efficiently scheduling container shipments in the maritime shipping industry. Efficient container scheduling is crucial for minimizing transportation costs, reducing delays, and improving the overall reliability of shipping services."
Healthcare,Nutrition and Diet Planning,LP,AMPL,CBC,Google Colab,-,Lecture,*.dat (AMPL),AMPL,Single: Minimize the cost of a diet that meets nutritional requirements,"Marcos Dominguez Velad:
marcos@ampl.com","AMPL: A Modeling Language for Mathematical Programming by Robert Fourer, David M. Gay, and Brian W. Kernighan; Chapter ...",https://colab.ampl.com/notebooks/diet-lecture.html,"The diet problem is a classic linear programming model that aims to determine the optimal combination of foods to meet specified nutritional requirements at the lowest possible cost. Decision variables represent the quantity of each food item to include in the diet. Constraints ensure that the selected foods provide the necessary amounts of nutrients, such as vitamins and minerals, without exceeding specified limits. The objective function minimizes the total cost of the selected food items.",-,Diet Optimization,Continuous,"Nutritional requirements (e.g., minimum and maximum intake levels for calories, vitamins, minerals)","The diet problem addresses the challenge of selecting a combination of food items that satisfy daily nutritional requirements at minimal cost. This involves balancing various nutrients, such as vitamins, minerals, and calories, while considering the cost associated with each food item. The model is widely used in operations research and optimization to demonstrate linear programming techniques and has applications in meal planning, food service management, and nutritional studies."
Information Technology,Software Engineering,MILP,"AMPL, 
Python, 
amplpy",CBC,Google Colab,-,Case Study,Python,Python,Single: Maximize the number of satisfied customers by selecting the optimal set of pizza ingredients,"Marcos Dominguez Velad:
marcos@ampl.com",,https://colab.ampl.com/notebooks/google-hashcode-2022.html,"This model addresses the Google Hash Code 2022 practice problem by formulating it as a Mixed-Integer Linear Programming (MILP) problem using AMPL. The goal is to determine the optimal set of pizza ingredients that maximizes the number of satisfied customers. Each customer specifies ingredients they like and dislike. The model uses binary decision variables to represent the inclusion of each ingredient and constraints to ensure that all liked ingredients are included, and disliked ingredients are excluded for each selected customer. The objective function maximizes the total number of satisfied customers.",-,Pizza Warm-up,Binary,"Ensure that for each selected customer, all liked ingredients are included in the pizza, and all disliked ingredients are excluded","The model focuses on optimizing customer satisfaction in a food delivery scenario by determining the optimal combination of pizza ingredients that satisfies the maximum number of customers, each with specific preferences and aversions."
Healthcare,Residency Matching Problem,MILP,"AMPL, 
Python, 
amplpy",CBC,Google Colab,-,Case Study,*.dat (AMPL),Python Visualisation,Single: Maximizing hospital-resident match stability and preference satisfaction,"Marcos Dominguez Velad:
marcos@ampl.com","Delorme, M., García, S., Gondzio, J., Kalcsics, J., Manlove, D., & Pettersson, W. (2019). Mathematical models for stable matching problems with ties and incomplete lists. European Journal of Operational Research, 277(2), 426-441.",https://colab.ampl.com/notebooks/hospitals-residents-mip.html,"This model optimizes the assignment of medical residents to hospitals based on preferences from both parties, ensuring stability in matches. Decision variables represent assignment choices, with constraints ensuring capacity limits and preference rankings. The goal is to create a stable matching that minimizes unfilled positions and dissatisfaction.",https://colab.ampl.com/_images/a7b7fe79b0a05df0452d2a9b62112c609c45adc6ad3110c93dd69a48b5be7559.png,Medical Residency Matching,Binary,"Hospital capacity limits, 
resident preferences, 
stability constraints","Residency matching is a crucial process in medical education, ensuring that residents are assigned to hospitals in a way that respects their preferences while maintaining fairness and efficiency. This model addresses the stable matching problem by formulating it as a MILP, ensuring optimal assignment while considering constraints such as hospital capacities and ranked preferences."
Manufacturing,Production Scheduling,MILP,"AMPL, 
Python, 
amplpy",Highs,Google Colab,-,Case Study,Python,Python,Multy-Objective: Optimize production scheduling to minimize costs and improve efficiency,"Marcos Dominguez Velad:
marcos@ampl.com",,https://colab.ampl.com/notebooks/labs-scheduling.html,"This scheduling model optimizes production by determining optimal job assignments and sequencing while minimizing delays and costs. It includes decision variables representing job start times and machine assignments, constraints on machine capacity and job precedence, and an objective function aimed at minimizing makespan or total cost.",-,Flow Shop Scheduling,"Binary, Continuous","Machine capacity limits, 
job precedence constraints, 
processing time restrictions,
work shift constraints","The model addresses job shop and flow shop scheduling problems in manufacturing, ensuring efficient allocation of resources and adherence to deadlines. It helps industries minimize idle time, reduce production costs, and improve operational efficiency by optimizing sequencing and job-machine assignments."
Operations Research,Mathematics,NLP,"AMPL, 
Python, 
amplpy",Ipopt,Google Colab,-,Case Study,Python,Python Visualisation,Single: Maximize the area of a unit-diameter polygon with a given number of sides,"Marcos Dominguez Velad:
marcos@ampl.com","Bingane, C. (2022). Largest small polygons: A sequential convex optimization approach. Optimization Letters, 1-13.",https://colab.ampl.com/notebooks/largest-small-polygon.html,"The model addresses the Largest Small Polygon problem by formulating it as a nonlinear optimization task. It utilizes two approaches: one based on polar coordinates to sort vertices by angle, and another using Cartesian coordinates with orientation constraints. The objective is to maximize the area of a polygon with unit diameter for a given number of sides, incorporating trigonometric and quadratic terms in the constraints and objective function.",https://colab.ampl.com/_images/e71b7b62395a6eff1fc167f61ade0300ec03dfd11773c5b62c88792abfca3865.png,Geometric Optimization,Continuous,"Unit diameter constraint, 
vertex ordering constraints, 
geometric feasibility constraints","The Largest Small Polygon problem seeks to determine the polygon with the maximum possible area among all polygons with a fixed number of sides and a unit diameter. This problem is significant in geometric optimization and has applications in various fields, including materials science and network design."
Operations Research,Mathematical Sequences,MILP,"AMPL, 
Python, 
amplpy","Gecode, 
HiGHS, 
CBC",Google Colab,Constraint programming,Case Study,Python,Python Visualisation,Single: Find magic sequences of a given length,"Marcos Dominguez Velad:
marcos@ampl.com",,https://colab.ampl.com/notebooks/magic-sequences.html,"This model identifies magic sequences—integer sequences where the number of occurrences of each integer equals its value in the sequence. It uses AMPL's exactly operator to ensure that each integer 
𝑖 appears exactly 𝑠𝑖 times in the sequence.",https://colab.ampl.com/_images/2d7f2538b586bf9c0dcff07ec29332570ce0b90b5330b221d780436a4867f58f.png,Magic Sequences,Integer,Each integer 𝑖 must occur exactly 𝑠𝑖 times in the sequence,"The magic sequences problem involves finding sequences where each integer's frequency matches its value. This notebook explores modeling this problem using constraint programming in AMPL, enhancing formulations to solve larger instances, and examining alternative solutions for given sequence lengths."
Supply Chain,Logistics,MILP,"AMPL, 
Python, 
amplpy",CBC,Google Colab,-,Case Study,*.dat (AMPL),AMPL,Single: Minimize transportation costs while satisfying supply and demand constraints for multiple products,"Marcos Dominguez Velad:
marcos@ampl.com","AMPL: A Modeling Language for Mathematical Programming by Robert Fourer, David M. Gay, and Brian W. Kernighan; Chapter ...",https://colab.ampl.com/notebooks/multicommodity-transportation-problem.html,"This model addresses the transportation of multiple products from various origin cities to destination cities. The objective function minimizes total transportation costs, subject to constraints that ensure supply capacities at origins are not exceeded and demand requirements at destinations are met.",-,Transportation problem,"Binary, Continuous",Supply constraints at origins and demand constraints at destinations,"The multicommodity transportation problem involves optimizing the distribution of multiple products from several suppliers to various consumers. The goal is to determine the most cost-effective shipping plan that satisfies supply limitations and demand requirements, ensuring efficient logistics and supply chain operations."
Supply Chain,Logistics,NLP,"AMPL, 
Python",Ipopt,Google Colab,-,Case Study,*.dat (AMPL),AMPL,Single: Minimize transportation costs considering nonlinear factors,"Marcos Dominguez Velad:
marcos@ampl.com","AMPL: A Modeling Language for Mathematical Programming by Robert Fourer, David M. Gay, and Brian W. Kernighan; Chapter ...",https://colab.ampl.com/notebooks/nonlinear-transportation-model.html,This model addresses a transportation problem where the objective is to minimize costs while considering nonlinear factors such as economies of scale or variable transportation rates. Decision variables represent shipment quantities between plants and markets. Constraints ensure that supply capacities at plants are not exceeded and that market demands are met.,-,Transportation Optimization,Continuous,Supply capacity limits at plants and demand satisfaction at markets,"The model focuses on optimizing transportation logistics by determining the most cost-effective shipment quantities between multiple plants and markets, considering nonlinear cost structures. This is crucial for efficient supply chain management and reducing operational costs."
Supply Chain,Logistics,NLP,"AMPL, 
Python",Ipopt,Google Colab,-,Case Study,*.dat (AMPL),AMPL,Single: Minimize transportation costs considering nonlinear cost functions,"Marcos Dominguez Velad:
marcos@ampl.com","AMPL: A Modeling Language for Mathematical Programming by Robert Fourer, David M. Gay, and Brian W. Kernighan; Chapter ...",https://colab.ampl.com/notebooks/nonlinear-transportation-problem-example.html,"This model addresses a transportation problem where the objective is to minimize the total transportation cost from origins to destinations. Unlike the linear version, this model incorporates a nonlinear cost function that accounts for factors such as congestion or economies of scale. Decision variables represent the quantity of goods transported between each origin-destination pair, subject to supply constraints at origins and demand requirements at destinations.",-,Transportation Optimization,Continuous,Supply constraints at each origin and demand satisfaction at each destination,"The model focuses on optimizing logistics by determining the most cost-effective transportation plan. By incorporating nonlinear cost functions, it provides a more realistic representation of transportation costs, capturing complexities such as congestion effects or volume discounts, which are often present in real-world logistics scenarios."
Finance,Investment,LP,"AMPL, 
Python, 
amplpy",CBC,Google Colab,-,Case Study,*.dat (AMPL),AMPL,Single: Minimize portfolio variance for a given expected return,"Marcos Dominguez Velad:
marcos@ampl.com","Cornuejols, G., and Tütüncü, R. (2018). Optimization Methods in Finance (2nd edition): Bond Dedication example. Cambridge University Press.",https://colab.ampl.com/notebooks/optimization-methods-in-finance-chapter-3.html,"This model demonstrates the application of Mean-Variance Optimization (MVO) in constructing an investment portfolio. It defines decision variables representing asset weights, aims to minimize the portfolio's variance subject to achieving a target expected return, and includes constraints ensuring the weights sum to one and are non-negative.",-,Portfolio Optimization,"Binary, Continuous","Ensuring the sum of asset weights equals one, 
non-negativity of weights, 
achieving a specified expected return","The model addresses the challenge of allocating investments across a set of assets to construct an efficient portfolio. By applying Mean-Variance Optimization, it seeks to balance the trade-off between risk and return, aiming to minimize risk for a given level of expected return."
Supply Chain,Logistics,MILP,"AMPL, 
Python, 
amplpy",Highs,Google Colab,-,Case Study,Python,Python Visualisation,Single: Minimize the total cost of providing services to a set of demand points by optimally locating p facilities among potential sites.,"Marcos Dominguez Velad:
marcos@ampl.com",,https://colab.ampl.com/notebooks/p-median-problem.html,"The P-Median Problem is a discrete optimization model that aims to locate p facilities among a set of potential sites to minimize the total cost of providing services to a set of demand points. The model includes decision variables indicating whether a facility is located at a site and whether a demand point is served by a facility. Constraints ensure each demand point is assigned to one facility, facilities are opened as needed, and exactly p facilities are established.",https://colab.ampl.com/_images/9ef8dc48f159513725b704e0dafae423656851c19f8d36d793f1bf83a64e7b2f.png,P-Median problem,Binary,"Each demand point is assigned to one facility; 
facilities must be opened to serve demand points; exactly p facilities are established.","The P-Median Problem addresses the challenge of optimally locating a fixed number of facilities to serve a set of demand points, minimizing the total service cost. This problem is fundamental in operations research and has applications in various fields, including logistics, telecommunications, and public service planning."
Manufacturing,Production Scheduling,MILP,"AMPL, 
Python, 
amplpy",CBC,Google Colab,-,Case Study,*.dat (AMPL),AMPL,Single: Minimize production costs while meeting demand constraints,"Marcos Dominguez Velad:
marcos@ampl.com","AMPL: A Modeling Language for Mathematical Programming by Robert Fourer, David M. Gay, and Brian W. Kernighan; Chapter ...",https://colab.ampl.com/notebooks/production-model.html,"This MILP-based production planning model optimizes resource allocation, production scheduling, and inventory management to minimize total costs while ensuring demand fulfillment. It incorporates constraints on capacity, workforce availability, and raw material supply.",-,Minimize production costs,Continuous,"Capacity limitations, 
workforce constraints, 
material availability, 
production deadlines","The model addresses the challenge of optimizing production planning in manufacturing, balancing costs, resource constraints, and customer demand. It enables data-driven decision-making for efficient and cost-effective operations."
Manufacturing,Steel Production,LP,"AMPL, 
Python, 
amplpy",CBC,Google Colab,-,Case Study,*.dat (AMPL),AMPL,Single: Maximize profit from steel production,"Marcos Dominguez Velad:
marcos@ampl.com","AMPL: A Modeling Language for Mathematical Programming"" by Robert Fourer, David M. Gay, and Brian W. Kernighan",https://colab.ampl.com/notebooks/steel-industry-problem.html,"This linear programming model determines the optimal production quantities of steel products to maximize profit, considering production rates, available hours, profits per ton, and market limitations.",-,Production Optimization,Continuous,"Total production time does not exceed available hours; 
production quantities are non-negative and do not exceed market demand.","The model addresses the challenge of determining the optimal mix of steel products to manufacture, maximizing profit while adhering to production capacity and market demand constraints."
Puzzles,Sudoku,MILP,"AMPL, 
Python, 
amplpy",Highs,Google Colab,-,Case Study,Python,AMPL,"Single: Generate valid Sudoku puzzles by ensuring each number from 1 to 9 appears exactly once in each row, column, and 3×3 subgrid","Marcos Dominguez Velad:
marcos@ampl.com","McGuire, G., Tugemann, B., & Civario, G. (2014). There is no 16-clue Sudoku: Solving the Sudoku minimum number of clues problem via hitting set enumeration. Experimental Mathematics, 23(2), 190-217.",https://colab.ampl.com/notebooks/sudoku-generator.html,"The model formulates the Sudoku puzzle as a constraint satisfaction problem using AMPL. It defines decision variables representing the numbers in each cell and imposes constraints to ensure that each number from 1 to 9 appears exactly once in every row, column, and 3×3 subgrid.",-,Puzzle Generation,Binary,"Each number from 1 to 9 must appear exactly once in each row, column, and 3×3 subgrid","The model addresses the challenge of generating valid Sudoku puzzles by formulating the problem as a constraint satisfaction problem. This involves defining decision variables for each cell and imposing constraints to ensure the uniqueness of numbers in rows, columns, and subgrids, thereby generating puzzles that adhere to standard Sudoku rules."
Supply Chain,Logistics,MILP,"AMPL, 
Python, 
amplpy",Highs,Google Colab,-,Case Study,Python,Python Visualisation,"Single: Minimize total routing costs, including fixed and variable costs","Marcos Dominguez Velad:
marcos@ampl.com",,https://colab.ampl.com/notebooks/supply-chain-network.html,"This model determines optimal routes between origin and destination nodes to transport multiple products, aiming to minimize routing costs, which include fixed and variable components. It considers supply at origin nodes, demand at destination nodes, and route capacities. Decision variables include shipment quantities and binary indicators for route usage.",https://colab.ampl.com/_images/3dd9afc48f7eaed2f995a2a8a98ae94044f523cb4f118dd39e4780d3534833f4.png,Route Optimization,"Binary, Continuous","Supply constraints ensuring that shipments from each origin do not exceed available supply
Demand constraints ensuring that shipments to each destination meet the required demand
Capacity constraints limiting the shipment quantities on each route","The model addresses the challenge of optimizing a supply chain network by determining cost-effective routes for transporting multiple products from suppliers to consumers. It accounts for various costs, supply and demand requirements, and route capacities to ensure efficient logistics and distribution."
Supply Chain,Logistics,MILP,"AMPL, 
Python, 
amplpy",Highs,Google Colab,-,Case Study,Python,Python Visualisation,Single: Minimize transportation costs while determining optimal warehouse locations,"Marcos Dominguez Velad:
marcos@ampl.com",,https://colab.ampl.com/notebooks/warehouse-location-and-transport.html,"The model optimizes warehouse location and transportation strategies using MILP, balancing the cost of setting up warehouses with the transportation cost from warehouses to customers.",https://colab.ampl.com/_images/4f1e0fd5874b01b0a30de391c762ed9e5108969867f0165695053455a664f685.png,Warehouse Location and Transportation Management,"Binary, Continuous","Constraints include warehouse capacity, 
customer demand fulfillment, 
and transportation limits","The model addresses the challenge of minimizing costs in logistics and supply chain management by optimizing the location of warehouses and transportation routes, aiming to reduce operational costs while satisfying customer demands efficiently."
Supply Chain,Logistics,LP,"AMPL, 
Python, 
amplpy",CBC,Google Colab,-,Case Study,*.dat (AMPL),AMPL,Single: Minimize transportation costs while meeting demand and supply constraints,"Marcos Dominguez Velad:
marcos@ampl.com","AMPL: A Modeling Language for Mathematical Programming by Robert Fourer, David M. Gay, and Brian W. Kernighan; Chapter ...",https://colab.ampl.com/notebooks/transportation-problem.html,"This model minimizes the total transportation cost of distributing goods from multiple suppliers to multiple consumers, subject to constraints on supply and demand. The decision variables represent the amount of goods transported from each supplier to each consumer, with objective function and constraints formulated as linear equations.",-,Transportation and Distribution Optimization,"Binary, Continuous","Supply and demand constraints, 
non-negativity of transportation quantities, 
and capacity constraints if applicable","The transportation problem aims to minimize the cost of shipping products from various suppliers to multiple destinations, balancing supply and demand efficiently. This problem is widely applicable in logistics, reducing operational costs in transportation systems across industries."
Finance,Investment,MIQP,"AMPL, 
Python, 
amplpy",Gurobi,Google Colab,"Markowitz Model, 
Mean-Variance, 
Minimum Variance, 
Risk Parity",Case Study,Python,Python Visualisation,Single: Optimize sector ETF allocation based on various portfolio optimization strategies to balance risk and return.,"Mukeshwaran Baskaran:
mukesh96official@gmail.com",,https://colab.ampl.com/notebooks/enhanced-sector-etf-portfolio-optimization-with-multiple-strategies-in-python-with-ampl.html,"This model optimizes the allocation of sector ETFs by employing multiple portfolio optimization strategies, such as mean-variance optimization, minimum variance, and risk parity. Decision variables represent ETF weights in the portfolio, subject to constraints on total allocation, risk exposure, and diversification. The goal is to construct an efficient portfolio based on historical market data while minimizing risk and maximizing returns.",https://colab.ampl.com/_images/7cd2fce902303ef9fb57a4f1d3fb3bf8d141224ee59b78b27018e45095753379.png,Portfolio Optimization,"Binary, Continuous","Budget constraint (sum of weights = 1)
Risk constraints (variance, diversification limits)
Minimum and maximum asset allocation limits","The model addresses the challenge of constructing an optimal ETF portfolio by balancing risk and return using advanced optimization techniques. It is applicable for institutional investors, asset managers, and financial analysts looking to enhance portfolio performance while maintaining risk control. The model leverages AMPL’s powerful optimization capabilities with solvers like Gurobi and CPLEX to efficiently determine the best allocation strategy."
Finance,Investment,QP,"AMPL, 
Python, 
amplpy",Gurobi,Google Colab,-,Case Study,Python,Python Visualisation,Single: Optimize energy portfolio for cost efficiency,"Mukeshwaran Baskaran:
mukesh96official@gmail.com",,https://colab.ampl.com/notebooks/optimized-portfolio-optimization-using-eia-data-in-python-with-ampl.html,"This model utilizes EIA data to optimize an energy portfolio, aiming to minimize costs while meeting energy demands. It employs linear programming techniques implemented in AMPL and Python, and is solved using HiGHS and Gurobi solvers.​",https://colab.ampl.com/_images/fd084788390bc993734b6a15379cec4c6e0dffe9abc7309f2d8236b8725dd978.png,Portfolio Optimization,Continuous,"Constraints include energy demand satisfaction, 
generation capacity limits, 
regulatory requirements",The model addresses the challenge of optimizing energy generation and distribution portfolios to achieve cost efficiency while adhering to operational and regulatory constraints.
Finance,Quantitative Trading,Convex,"AMPL, 
Python, 
amplpy",Knitro,Google Colab,"Mean-Reversion Strategy, 
Statistical Arbitrage, 
Cointegration Analysis",Case Study,Python,Python Visualisation,Single: Optimize trading strategy by identifying and exploiting cointegrated stock pairs to maximize arbitrage returns while managing risk.,"Mukeshwaran Baskaran:
mukesh96official@gmail.com",,https://colab.ampl.com/notebooks/pairs-trading-strategy-optimization-in-python-with-ampl.html,"This model applies an optimization-based approach to pairs trading by identifying stock pairs that exhibit mean-reverting behavior. It uses cointegration techniques to select tradable pairs and optimization methods to determine the optimal trading strategy. Constraints include capital allocation limits, transaction costs, and risk exposure. The model aims to maximize returns while minimizing drawdown.",https://colab.ampl.com/_images/c097b2573dddf37e9bf1993e5c919cee278d19c4f38dfcc2f9f2f98e4e31298b.png,Pairs Trading,Continuous,"Capital constraints, 
position limits, 
risk management","The model addresses the challenge of developing an algorithmic trading strategy for hedge funds and proprietary trading firms. It focuses on statistical arbitrage using mean-reverting stock pairs, allowing traders to exploit mispricings in financial markets while mitigating risk through portfolio optimization."
Finance,Investment,MIQP,"AMPL, 
Python, 
amplpy",Gurobi,Google Colab,Multiple Risk Strategies,Case Study,Python,Python Visualisation,Single: Optimize portfolio allocation by balancing return and risk using multiple risk measures,"Mukeshwaran Baskaran:
mukesh96official@gmail.com","Modern Portfolio Theory and Investment Analysis” by Edwin J. Elton, Martin J. Gruber, Stephen J. Brown, and William N. Goetzmann",https://colab.ampl.com/notebooks/porfolio-optimization-with-multiple-risk-strategies-in-python-with-ampl.html,"This model optimizes a financial portfolio by incorporating multiple risk strategies such as Mean-Variance, Conditional Value-at-Risk (CVaR), and Minimum Variance. It employs mixed-integer quadratic programming techniques to ensure optimal asset allocation while managing risk exposure based on investor preferences.",https://colab.ampl.com/_images/7450fd7b45156e62b66b6ec001826116b093eb5c752b751913087ddabeb083dc.png,Portfolio Optimization,Continuous,"Budget constraints, 
diversification requirements, 
risk exposure limits","Portfolio optimization involves selecting a mix of assets that balances return and risk according to an investor’s preferences. This model integrates multiple risk strategies to provide robust and diversified investment solutions, improving decision-making in financial markets."
Energy,Electrical Power Systems,MILP,"AMPL, 
Python, 
amplpy",Highs,Google Colab,amplpower,Case Study,https,AMPL,Single: Optimize power system operations by minimizing costs and ensuring grid reliability,"Marcos Dominguez Velad: 
marcos@ampl.com,
Salvador Pineda Morente:
spineda@uma.es",https://sites.google.com/view/groupoasys/home,https://colab.ampl.com/notebooks/power-system-optimization-with-amplpower-package.html,"This model optimizes power generation and distribution by balancing supply and demand while minimizing costs. It includes decision variables for power generation levels, constraints on transmission capacity, and operational limits. The model supports different solvers and integrates real-world power system scenarios.",-,Power Generation,Continuous,"Transmission capacity limits, 
generator operational constraints, 
demand-supply balance","This model addresses power system optimization challenges, ensuring cost-effective electricity generation and distribution while adhering to operational constraints and maintaining system reliability"
